run_no,best_fitness,genotype_hash,timestamp
1,3143.829,0*1*1*0*1*1*1*1*1*1*1*0*1*0*0*1*1*0*0*0,0
1,3049.462,0*1*1*0*1*1*1*1*1*1*1*0*1*0*0*1*1*0*1*0,5
1,3028.3032,0*1*1*0*1*1*1*1*1*1*1*0*1*0*0*1*1*0*1*0,10
1,3016.3464,0*1*1*0*1*1*1*1*1*1*1*0*1*0*0*1*1*0*1*0,15
1,3002.7021,0*1*1*0*1*1*1*1*1*1*1*0*1*0*0*1*1*0*1*0,20
1,2993.2598,0*1*1*0*1*1*1*1*1*1*1*0*1*0*0*1*1*0*1*0,25
1,2989.5178,0*1*1*0*1*1*1*1*1*1*1*0*1*0*0*1*1*0*1*0,30
1,2988.3623,0*1*1*0*1*1*1*1*1*1*1*0*1*0*0*1*1*0*1*0,35
1,2986.7812,0*1*1*0*1*1*1*1*1*1*1*0*1*0*0*1*1*0*1*0,40
1,2985.3157,0*1*1*0*1*1*1*1*1*1*1*0*1*0*0*1*1*0*1*0,45
1,2984.0217,0*1*1*0*1*1*1*1*1*1*1*0*1*0*0*1*1*0*1*0,50
1,2983.6108,0*1*1*0*1*1*1*1*1*1*1*0*1*0*0*1*1*0*1*0,55
1,2981.3162,0*1*1*0*1*1*1*1*1*1*1*0*1*0*0*1*1*0*1*0,60
1,2981.1016,0*1*1*0*1*1*1*1*1*1*1*0*1*0*0*1*1*0*1*0,65
1,2979.7195,0*1*1*0*1*1*1*1*1*1*1*0*1*0*0*1*1*0*1*0,70
1,2979.2175,0*1*1*0*1*1*1*1*1*1*1*0*1*0*0*1*1*0*1*0,75
1,2979.09,0*1*1*0*1*1*1*1*1*1*1*0*1*0*0*1*1*0*1*0,80
1,2978.404,0*1*1*0*1*1*1*1*1*1*1*0*1*0*0*1*1*0*1*0,85
1,2978.093,0*1*1*0*1*1*1*1*1*1*1*0*1*0*0*1*1*0*1*0,90
1,2977.8438,0*1*1*0*1*1*1*1*1*1*1*0*1*0*0*1*1*0*1*0,95
1,2977.403,0*1*1*0*1*1*1*1*1*1*1*0*1*0*0*1*1*0*1*0,100
1,2976.9978,0*1*1*0*1*1*1*1*1*1*1*0*1*0*0*1*1*0*1*0,105
1,2976.987,0*1*1*0*1*1*1*1*1*1*1*0*1*0*0*1*1*0*1*0,110
1,2976.9329,0*1*1*0*1*1*1*1*1*1*1*0*1*0*0*1*1*0*1*0,115
1,2976.8936,0*1*1*0*1*1*1*1*1*1*1*0*1*0*0*1*1*0*1*0,120
1,2976.7627,0*1*1*0*1*1*1*1*1*1*1*0*1*0*0*1*1*0*1*0,125
1,2976.7542,0*1*1*0*1*1*1*1*1*1*1*0*1*0*0*1*1*0*1*0,130
1,2976.7217,0*1*1*0*1*1*1*1*1*1*1*0*1*0*0*1*1*0*1*0,135
1,2976.5366,0*1*1*0*1*1*1*1*1*1*1*0*1*0*0*1*1*0*1*0,145
1,2976.3474,0*1*1*0*1*1*1*1*1*1*1*0*1*0*0*1*1*0*1*0,150
1,2976.052,0*1*1*0*1*1*1*1*1*1*1*0*1*0*0*1*1*0*1*0,155
1,2975.9844,0*1*1*0*1*1*1*1*1*1*1*0*1*0*0*1*1*0*1*0,160
1,2975.9739,0*1*1*0*1*1*1*1*1*1*1*0*1*0*0*1*1*0*1*0,165
1,2975.6873,0*1*1*0*1*1*1*1*1*1*1*0*1*0*0*1*1*0*1*0,170
1,2975.6738,0*1*1*0*1*1*1*1*1*1*1*0*1*0*0*1*1*0*1*0,175
1,2975.5974,0*1*1*0*1*1*1*1*1*1*1*0*1*0*0*1*1*0*1*0,180
1,2975.5583,0*1*1*0*1*1*1*1*1*1*1*0*1*0*0*1*1*0*1*0,185
1,2975.4714,0*1*1*0*1*1*1*1*1*1*1*0*1*0*0*1*1*0*1*0,190
1,2975.464,0*1*1*0*1*1*1*1*1*1*1*0*1*0*0*1*1*0*1*0,195
1,2975.4512,0*1*1*0*1*1*1*1*1*1*1*0*1*0*0*1*1*0*1*0,200
1,2975.317,0*1*1*0*1*1*1*1*1*1*1*0*1*0*0*1*1*0*1*0,205
1,2975.3127,0*1*1*0*1*1*1*1*1*1*1*0*1*0*0*1*1*0*1*0,210
2,3128.3499,1*1*0*1*1*1*1*1*0*1*0*0*1*0*0*1*1*0*0*0,0
2,3109.7993,1*1*0*1*1*1*1*1*0*1*0*0*1*0*0*1*1*0*0*0,5
2,3100.2156,1*1*0*1*1*1*1*1*0*1*0*0*1*0*0*1*1*0*0*0,10
2,3096.894,1*1*0*1*1*1*1*1*0*1*0*0*1*0*0*1*1*0*0*0,15
2,3089.8625,1*1*0*1*1*1*1*1*0*1*0*0*1*0*0*1*1*0*0*0,20
2,3083.0925,1*1*0*1*1*1*1*1*0*1*0*0*1*0*0*1*1*0*0*0,25
2,3079.0957,1*1*0*1*1*1*1*1*0*1*0*0*1*0*0*1*1*0*0*0,30
2,3076.8984,1*1*0*1*1*1*1*1*0*1*0*0*1*0*0*1*1*0*0*0,35
2,3076.4956,1*1*0*1*1*1*1*1*0*1*0*0*1*0*0*1*1*0*0*0,40
2,3075.7654,1*1*0*1*1*1*1*1*0*1*0*0*1*0*0*1*1*0*0*0,45
2,3075.0015,1*1*0*1*1*1*1*1*0*1*0*0*1*0*0*1*1*0*0*0,50
2,3074.7307,1*1*0*1*1*1*1*1*0*1*0*0*1*0*0*1*1*0*0*0,55
2,3073.943,1*1*0*1*1*1*1*1*0*1*0*0*1*0*0*1*1*0*0*0,60
2,3073.8892,1*1*0*1*1*1*1*1*0*1*0*0*1*0*0*1*1*0*0*0,65
2,3073.7898,1*1*0*1*1*1*1*1*0*1*0*0*1*0*0*1*1*0*0*0,70
2,3073.7559,1*1*0*1*1*1*1*1*0*1*0*0*1*0*0*1*1*0*0*0,75
2,3073.6982,1*1*0*1*1*1*1*1*0*1*0*0*1*0*0*1*1*0*0*0,80
2,3073.5833,1*1*0*1*1*1*1*1*0*1*0*0*1*0*0*1*1*0*0*0,85
2,3073.476,1*1*0*1*1*1*1*1*0*1*0*0*1*0*0*1*1*0*0*0,90
2,3073.4485,1*1*0*1*1*1*1*1*0*1*0*0*1*0*0*1*1*0*0*0,95
2,3073.4434,1*1*0*1*1*1*1*1*0*1*0*0*1*0*0*1*1*0*0*0,100
2,3073.3718,1*1*0*1*1*1*1*1*0*1*0*0*1*0*0*1*1*0*0*0,105
2,3073.3284,1*1*0*1*1*1*1*1*0*1*0*0*1*0*0*1*1*0*0*0,110
2,3073.3213,1*1*0*1*1*1*1*1*0*1*0*0*1*0*0*1*1*0*0*0,115
2,3073.2676,1*1*0*1*1*1*1*1*0*1*0*0*1*0*0*1*1*0*0*0,120
2,3073.226,1*1*0*1*1*1*1*1*0*1*0*0*1*0*0*1*1*0*0*0,125
2,3073.2192,1*1*0*1*1*1*1*1*0*1*0*0*1*0*0*1*1*0*0*0,130
2,3073.1948,1*1*0*1*1*1*1*1*0*1*0*0*1*0*0*1*1*0*0*0,135
2,3073.1821,1*1*0*1*1*1*1*1*0*1*0*0*1*0*0*1*1*0*0*0,140
2,3073.1753,1*1*0*1*1*1*1*1*0*1*0*0*1*0*0*1*1*0*0*0,145
2,3073.1697,1*1*0*1*1*1*1*1*0*1*0*0*1*0*0*1*1*0*0*0,160
2,3073.1685,1*1*0*1*1*1*1*1*0*1*0*0*1*0*0*1*1*0*0*0,165
2,3073.1648,1*1*0*1*1*1*1*1*0*1*0*0*1*0*0*1*1*0*0*0,175
2,3073.164,1*1*0*1*1*1*1*1*0*1*0*0*1*0*0*1*1*0*0*0,185
2,3073.1567,1*1*0*1*1*1*1*1*0*1*0*0*1*0*0*1*1*0*0*0,190
2,3073.1548,1*1*0*1*1*1*1*1*0*1*0*0*1*0*0*1*1*0*0*0,195
2,3073.154,1*1*0*1*1*1*1*1*0*1*0*0*1*0*0*1*1*0*0*0,200
2,3073.1536,1*1*0*1*1*1*1*1*0*1*0*0*1*0*0*1*1*0*0*0,210
2,3073.1526,1*1*0*1*1*1*1*1*0*1*0*0*1*0*0*1*1*0*0*0,215
2,3073.1494,1*1*0*1*1*1*1*1*0*1*0*0*1*0*0*1*1*0*0*0,220
3,3333.1445,0*0*0*0*1*1*1*1*0*1*0*0*1*0*1*0*1*0*1*0,0
3,3188.777,0*1*0*0*1*1*1*1*0*1*0*0*1*0*1*1*1*0*1*0,5
3,3160.5806,0*1*0*0*1*1*1*1*0*1*0*0*1*0*1*1*1*0*1*0,10
3,3123.1792,0*1*0*0*1*1*1*1*0*1*0*0*1*0*1*1*1*0*1*0,15
3,3092.375,0*1*0*0*1*1*1*1*0*1*0*0*1*0*1*1*1*0*1*0,20
3,3084.5215,0*1*0*0*1*1*1*1*0*1*0*0*1*0*1*1*1*0*1*0,25
3,3079.822,0*1*0*0*1*1*1*1*0*1*0*0*1*0*1*1*1*0*1*0,30
3,3073.3862,0*1*0*0*1*1*1*1*0*1*0*0*1*0*1*1*1*0*1*0,35
3,3069.9114,0*1*0*0*1*1*1*1*0*1*0*0*1*0*1*1*1*0*1*0,40
3,3068.2703,0*1*0*0*1*1*1*1*0*1*0*0*1*0*1*1*1*0*1*0,45
3,3066.2183,0*1*0*0*1*1*1*1*0*1*0*0*1*0*1*1*1*0*1*0,50
3,3065.5088,0*1*0*0*1*1*1*1*0*1*0*0*1*0*1*1*1*0*1*0,55
3,3064.5222,0*1*0*0*1*1*1*1*0*1*0*0*1*0*1*1*1*0*1*0,60
3,3063.6406,0*1*0*0*1*1*1*1*0*1*0*0*1*0*1*1*1*0*1*0,65
3,3063.0532,0*1*0*0*1*1*1*1*0*1*0*0*1*0*1*1*1*0*1*0,70
3,3062.5022,0*1*0*0*1*1*1*1*0*1*0*0*1*0*1*1*1*0*1*0,75
3,3061.774,0*1*0*0*1*1*1*1*0*1*0*0*1*0*1*1*1*0*1*0,80
3,3061.681,0*1*0*0*1*1*1*1*0*1*0*0*1*0*1*1*1*0*1*0,85
3,3061.6694,0*1*0*0*1*1*1*1*0*1*0*0*1*0*1*1*1*0*1*0,90
3,3061.6306,0*1*0*0*1*1*1*1*0*1*0*0*1*0*1*1*1*0*1*0,95
3,3061.4668,0*1*0*0*1*1*1*1*0*1*0*0*1*0*1*1*1*0*1*0,100
3,3061.372,0*1*0*0*1*1*1*1*0*1*0*0*1*0*1*1*1*0*1*0,105
3,3061.3655,0*1*0*0*1*1*1*1*0*1*0*0*1*0*1*1*1*0*1*0,110
3,3061.3489,0*1*0*0*1*1*1*1*0*1*0*0*1*0*1*1*1*0*1*0,115
3,3061.3438,0*1*0*0*1*1*1*1*0*1*0*0*1*0*1*1*1*0*1*0,120
3,3061.3,0*1*0*0*1*1*1*1*0*1*0*0*1*0*1*1*1*0*1*0,125
3,3061.2485,0*1*0*0*1*1*1*1*0*1*0*0*1*0*1*1*1*0*1*0,130
3,3061.2434,0*1*0*0*1*1*1*1*0*1*0*0*1*0*1*1*1*0*1*0,135
3,3061.2417,0*1*0*0*1*1*1*1*0*1*0*0*1*0*1*1*1*0*1*0,140
3,3061.2405,0*1*0*0*1*1*1*1*0*1*0*0*1*0*1*1*1*0*1*0,145
3,3061.238,0*1*0*0*1*1*1*1*0*1*0*0*1*0*1*1*1*0*1*0,155
3,3061.212,0*1*0*0*1*1*1*1*0*1*0*0*1*0*1*1*1*0*1*0,160
3,3061.1096,0*1*0*0*1*1*1*1*0*1*0*0*1*0*1*1*1*0*1*0,165
3,3061.0796,0*1*0*0*1*1*1*1*0*1*0*0*1*0*1*1*1*0*1*0,170
3,3061.0737,0*1*0*0*1*1*1*1*0*1*0*0*1*0*1*1*1*0*1*0,180
3,3061.0667,0*1*0*0*1*1*1*1*0*1*0*0*1*0*1*1*1*0*1*0,190
3,3061.0635,0*1*0*0*1*1*1*1*0*1*0*0*1*0*1*1*1*0*1*0,195
3,3061.062,0*1*0*0*1*1*1*1*0*1*0*0*1*0*1*1*1*0*1*0,205
4,3247.842,0*0*0*0*0*1*1*1*1*1*0*1*2*0*0*0*1*1*1*1,0
4,3160.2087,0*0*0*0*0*1*1*1*1*2*0*1*2*0*0*0*1*1*1*1,5
4,3146.8655,0*0*0*0*0*1*1*1*1*2*0*1*2*0*0*0*1*1*1*1,10
4,3135.5417,0*0*0*0*0*1*1*1*1*2*0*1*2*0*0*0*1*1*1*1,15
4,3130.621,0*0*0*0*0*1*1*1*1*2*0*1*2*0*0*0*1*1*1*1,20
4,3121.6694,0*0*0*0*0*1*1*1*1*1*0*1*2*0*0*0*1*1*1*1,25
4,3103.95,0*0*0*0*0*1*1*1*1*1*0*1*2*0*0*0*1*1*1*1,30
4,3096.1252,0*0*0*0*0*1*1*1*1*1*0*1*2*0*0*0*1*1*1*1,35
4,3084.6628,0*0*0*0*0*1*1*1*1*1*0*1*2*0*0*0*1*1*1*1,40
4,3083.9155,0*0*0*0*0*1*1*1*1*1*0*1*2*0*0*0*1*1*1*1,45
4,3083.1658,0*0*0*0*0*1*1*1*1*1*0*1*2*0*0*0*1*1*1*1,50
4,3082.077,0*0*0*0*0*1*1*1*1*1*0*1*2*0*0*0*1*1*1*1,55
4,3080.7273,0*0*0*0*0*1*1*1*1*1*0*1*2*0*0*0*1*1*1*1,60
4,3078.8447,0*0*0*0*0*1*1*1*1*1*0*1*2*0*0*0*1*1*1*1,65
4,3070.8884,0*0*0*0*0*1*1*1*1*1*0*1*2*0*0*0*1*1*1*1,70
4,3070.124,0*0*0*0*0*1*1*1*1*1*0*1*2*0*0*0*1*1*1*1,75
4,3069.8594,0*0*0*0*0*1*1*1*1*1*0*1*2*0*0*0*1*1*1*1,85
4,3069.7812,0*0*0*0*0*1*1*1*1*1*0*1*2*0*0*0*1*1*1*1,95
4,3069.7437,0*0*0*0*0*1*1*1*1*1*0*1*2*0*0*0*1*1*1*1,100
4,3069.7356,0*0*0*0*0*1*1*1*1*1*0*1*2*0*0*0*1*1*1*1,105
4,3069.645,0*0*0*0*0*1*1*1*1*1*0*1*2*0*0*0*1*1*1*1,110
4,3069.2388,0*0*0*0*0*1*1*1*1*1*0*1*2*0*0*0*1*1*1*1,115
4,3069.2144,0*0*0*0*0*1*1*1*1*1*0*1*2*0*0*0*1*1*1*1,125
4,3069.1377,0*0*0*0*0*1*1*1*1*1*0*1*2*0*0*0*1*1*1*1,130
4,3068.9653,0*0*0*0*0*1*1*1*1*1*0*1*2*0*0*0*1*1*1*1,135
4,3068.9548,0*0*0*0*0*1*1*1*1*1*0*1*2*0*0*0*1*1*1*1,140
4,3068.9526,0*0*0*0*0*1*1*1*1*1*0*1*2*0*0*0*1*1*1*1,145
4,3068.8855,0*0*0*0*0*1*1*1*1*1*0*1*2*0*0*0*1*1*1*1,150
4,3068.859,0*0*0*0*0*1*1*1*1*1*0*1*2*0*0*0*1*1*1*1,155
4,3068.7266,0*0*0*0*0*1*1*1*1*1*0*1*2*0*0*0*1*1*1*1,165
4,3068.7217,0*0*0*0*0*1*1*1*1*1*0*1*2*0*0*0*1*1*1*1,170
4,3068.7195,0*0*0*0*0*1*1*1*1*1*0*1*2*0*0*0*1*1*1*1,175
4,3068.6912,0*0*0*0*0*1*1*1*1*1*0*1*2*0*0*0*1*1*1*1,180
4,3068.6814,0*0*0*0*0*1*1*1*1*1*0*1*2*0*0*0*1*1*1*1,185
4,3068.57,0*0*0*0*0*1*1*1*1*1*0*1*2*0*0*0*1*1*1*1,190
4,3068.5688,0*0*0*0*0*1*1*1*1*1*0*1*2*0*0*0*1*1*1*1,195
4,3068.5625,0*0*0*0*0*1*1*1*1*1*0*1*2*0*0*0*1*1*1*1,205
4,3068.5598,0*0*0*0*0*1*1*1*1*1*0*1*2*0*0*0*1*1*1*1,220
5,3373.9683,0*1*1*0*0*1*1*1*0*2*1*1*2*0*1*2*0*1*1*0,0
5,3170.7375,0*0*0*1*0*1*1*1*0*1*0*0*1*0*0*1*1*0*0*0,5
5,3158.154,0*0*0*1*0*1*1*1*0*1*0*0*1*0*0*1*1*0*0*0,10
5,3145.186,0*0*0*1*0*1*1*1*0*1*0*0*1*0*0*1*1*0*0*0,15
5,3137.0042,0*0*0*1*0*1*1*1*0*1*0*0*1*0*0*1*1*0*0*0,20
5,3136.157,0*0*0*1*0*1*1*1*0*1*0*0*1*0*0*1*1*0*0*0,25
5,3135.1082,0*0*0*1*0*1*1*1*0*1*0*0*1*0*0*1*1*0*0*0,30
5,3132.9773,0*0*0*1*0*1*1*1*0*1*0*0*1*0*0*1*1*0*0*0,35
5,3131.2844,0*0*0*1*0*1*1*1*0*1*0*0*1*0*0*1*1*0*0*0,40
5,3131.129,0*0*0*1*0*1*1*1*0*1*0*0*1*0*0*1*1*0*0*0,45
5,3129.5464,0*0*0*1*0*1*1*1*0*1*0*0*1*0*0*1*1*0*0*0,50
5,3119.2883,0*0*0*1*0*1*1*1*0*1*0*0*1*0*0*1*1*0*0*0,55
5,3116.1438,0*0*0*1*0*1*1*1*0*1*0*0*1*0*0*1*1*0*0*0,60
5,3091.54,0*0*0*1*0*1*1*1*0*1*0*0*1*0*0*1*1*0*0*0,65
5,3083.8083,0*0*0*1*0*1*1*1*0*1*0*0*1*0*0*1*1*0*0*0,70
5,3080.7456,0*0*0*1*0*1*1*1*0*1*0*0*1*0*0*1*1*0*0*0,75
5,3080.5754,0*0*0*1*0*1*1*1*0*1*0*0*1*0*0*1*1*0*0*0,80
5,3079.045,0*0*0*1*0*1*1*1*0*1*0*0*1*0*0*1*1*0*0*0,85
5,3078.6514,0*0*0*1*0*1*1*1*0*1*0*0*1*0*0*1*1*0*0*0,90
5,3077.7231,0*0*0*1*0*1*1*1*0*1*0*0*1*0*0*1*1*0*0*0,95
5,3077.5225,0*0*0*1*0*1*1*1*0*1*0*0*1*0*0*1*1*0*0*0,100
5,3077.4685,0*0*0*1*0*1*1*1*0*1*0*0*1*0*0*1*1*0*0*0,105
5,3077.4106,0*0*0*1*0*1*1*1*0*1*0*0*1*0*0*1*1*0*0*0,110
5,3077.4006,0*0*0*1*0*1*1*1*0*1*0*0*1*0*0*1*1*0*0*0,115
5,3077.3674,0*0*0*1*0*1*1*1*0*1*0*0*1*0*0*1*1*0*0*0,120
5,3077.1633,0*0*0*1*0*1*1*1*0*1*0*0*1*0*0*1*1*0*0*0,125
5,3077.1257,0*0*0*1*0*1*1*1*0*1*0*0*1*0*0*1*1*0*0*0,130
5,3077.098,0*0*0*1*0*1*1*1*0*1*0*0*1*0*0*1*1*0*0*0,135
5,3076.8374,0*0*0*1*0*1*1*1*0*1*0*0*1*0*0*1*1*0*0*0,140
5,3076.8271,0*0*0*1*0*1*1*1*0*1*0*0*1*0*0*1*1*0*0*0,145
5,3076.8167,0*0*0*1*0*1*1*1*0*1*0*0*1*0*0*1*1*0*0*0,150
5,3076.714,0*0*0*1*0*1*1*1*0*1*0*0*1*0*0*1*1*0*0*0,155
5,3076.6907,0*0*0*1*0*1*1*1*0*1*0*0*1*0*0*1*1*0*0*0,160
5,3076.6758,0*0*0*1*0*1*1*1*0*1*0*0*1*0*0*1*1*0*0*0,165
5,3076.6746,0*0*0*1*0*1*1*1*0*1*0*0*1*0*0*1*1*0*0*0,175
5,3076.6516,0*0*0*1*0*1*1*1*0*1*0*0*1*0*0*1*1*0*0*0,180
5,3076.6343,0*0*0*1*0*1*1*1*0*1*0*0*1*0*0*1*1*0*0*0,185
5,3076.6318,0*0*0*1*0*1*1*1*0*1*0*0*1*0*0*1*1*0*0*0,190
5,3076.63,0*0*0*1*0*1*1*1*0*1*0*0*1*0*0*1*1*0*0*0,195
5,3076.6228,0*0*0*1*0*1*1*1*0*1*0*0*1*0*0*1*1*0*0*0,200
6,3197.3352,0*0*0*0*0*1*0*1*1*1*0*1*1*0*0*0*1*1*1*1,0
6,3124.9548,1*0*0*0*2*1*1*1*0*1*1*1*1*0*1*1*1*0*0*0,5
6,3101.546,1*0*0*0*2*1*1*1*0*1*1*1*1*0*1*1*1*0*0*0,10
6,3095.2874,1*0*0*0*2*1*1*1*0*1*1*1*1*0*1*1*1*0*0*0,15
6,3087.9363,1*0*0*0*2*1*1*1*0*1*1*1*1*0*1*1*1*0*0*0,20
6,3072.9895,1*0*0*0*2*1*1*1*0*1*1*1*1*0*1*1*1*0*0*0,25
6,3058.544,1*0*0*0*2*1*1*1*0*1*1*1*1*0*1*1*1*0*0*0,30
6,3053.0234,1*0*0*0*2*1*1*1*0*1*1*1*1*0*1*1*1*0*0*0,35
6,3045.8506,1*0*0*0*2*1*1*1*0*1*1*1*1*0*1*1*1*0*0*0,40
6,3042.512,1*0*0*0*2*1*1*1*0*1*1*1*1*0*1*1*1*0*0*0,45
6,3039.542,1*0*0*0*2*1*1*1*0*1*1*1*1*0*1*1*1*0*0*0,50
6,3036.7708,1*0*0*0*2*1*1*1*0*1*1*1*1*0*1*1*1*0*0*0,55
6,3036.5564,1*0*0*0*2*1*1*1*0*1*1*1*1*0*1*1*1*0*0*0,60
6,3036.1328,1*0*0*0*2*1*1*1*0*1*1*1*1*0*1*1*1*0*0*0,65
6,3035.9734,1*0*0*0*2*1*1*1*0*1*1*1*1*0*1*1*1*0*0*0,70
6,3035.5525,1*0*0*0*2*1*1*1*0*1*1*1*1*0*1*1*1*0*0*0,75
6,3035.0095,1*0*0*0*2*1*1*1*0*1*1*1*1*0*1*1*1*0*0*0,80
6,3034.819,1*0*0*0*2*1*1*1*0*1*1*1*1*0*1*1*1*0*0*0,85
6,3034.5193,1*0*0*0*2*1*1*1*0*1*1*1*1*0*1*1*1*0*0*0,90
6,3034.4548,1*0*0*0*2*1*1*1*0*1*1*1*1*0*1*1*1*0*0*0,100
6,3034.2043,1*0*0*0*2*1*1*1*0*1*1*1*1*0*1*1*1*0*0*0,105
6,3034.1685,1*0*0*0*2*1*1*1*0*1*1*1*1*0*1*1*1*0*0*0,110
6,3034.1594,1*0*0*0*2*1*1*1*0*1*1*1*1*0*1*1*1*0*0*0,115
6,3034.1167,1*0*0*0*2*1*1*1*0*1*1*1*1*0*1*1*1*0*0*0,120
6,3033.8752,1*0*0*0*2*1*1*1*0*1*1*1*1*0*1*1*1*0*0*0,125
6,3033.8408,1*0*0*0*2*1*1*1*0*1*1*1*1*0*1*1*1*0*0*0,130
6,3033.73,1*0*0*0*2*1*1*1*0*1*1*1*1*0*1*1*1*0*0*0,135
6,3033.723,1*0*0*0*2*1*1*1*0*1*1*1*1*0*1*1*1*0*0*0,140
6,3033.7146,1*0*0*0*2*1*1*1*0*1*1*1*1*0*1*1*1*0*0*0,145
6,3033.7073,1*0*0*0*2*1*1*1*0*1*1*1*1*0*1*1*1*0*0*0,150
6,3033.7048,1*0*0*0*2*1*1*1*0*1*1*1*1*0*1*1*1*0*0*0,155
6,3033.6953,1*0*0*0*2*1*1*1*0*1*1*1*1*0*1*1*1*0*0*0,160
6,3033.6904,1*0*0*0*2*1*1*1*0*1*1*1*1*0*1*1*1*0*0*0,185
6,3033.6892,1*0*0*0*2*1*1*1*0*1*1*1*1*0*1*1*1*0*0*0,190
7,3477.9375,1*0*0*1*0*1*1*1*0*1*0*0*0*0*1*1*1*0*0*0,0
7,3285.1914,1*0*0*1*0*1*1*1*0*1*0*0*1*0*1*1*1*0*0*0,5
7,3235.6475,1*0*0*1*0*1*1*1*0*1*0*0*1*0*1*2*1*0*0*0,10
7,3218.8296,1*0*0*1*0*1*1*1*0*1*0*0*1*0*1*2*1*0*0*0,15
7,3209.021,1*0*0*1*0*1*1*1*0*1*0*0*1*0*1*2*1*0*0*0,20
7,3184.0151,1*0*0*1*0*1*1*1*0*1*0*0*1*0*1*2*1*0*0*0,25
7,3175.0588,1*0*0*1*0*1*1*1*0*1*0*0*1*0*1*2*1*0*0*0,30
7,3173.8938,1*0*0*1*0*1*1*1*0*1*0*0*1*0*1*2*1*0*0*0,35
7,3172.2314,1*0*0*1*0*1*1*1*0*1*0*0*1*0*1*2*1*0*0*0,40
7,3171.3682,1*0*0*1*0*1*1*1*0*1*0*0*1*0*1*2*1*0*0*0,45
7,3170.0947,1*0*0*1*0*1*1*1*0*1*0*0*1*0*1*2*1*0*0*0,50
7,3168.813,1*0*0*1*0*1*1*1*0*1*0*0*1*0*1*2*1*0*0*0,55
7,3168.2825,1*0*0*1*0*1*1*1*0*1*0*0*1*0*1*2*1*0*0*0,60
7,3167.8223,1*0*0*1*0*1*1*1*0*1*0*0*1*0*1*2*1*0*0*0,65
7,3167.6008,1*0*0*1*0*1*1*1*0*1*0*0*1*0*1*2*1*0*0*0,70
7,3167.447,1*0*0*1*0*1*1*1*0*1*0*0*1*0*1*2*1*0*0*0,75
7,3166.7576,1*0*0*1*0*1*1*1*0*1*0*0*1*0*1*2*1*0*0*0,80
7,3166.7068,1*0*0*1*0*1*1*1*0*1*0*0*1*0*1*2*1*0*0*0,85
7,3166.353,1*0*0*1*0*1*1*1*0*1*0*0*1*0*1*2*1*0*0*0,90
7,3166.2234,1*0*0*1*0*1*1*1*0*1*0*0*1*0*1*2*1*0*0*0,95
7,3166.2034,1*0*0*1*0*1*1*1*0*1*0*0*1*0*1*2*1*0*0*0,105
7,3166.121,1*0*0*1*0*1*1*1*0*1*0*0*1*0*1*2*1*0*0*0,110
7,3166.0476,1*0*0*1*0*1*1*1*0*1*0*0*1*0*1*2*1*0*0*0,115
7,3166.0024,1*0*0*1*0*1*1*1*0*1*0*0*1*0*1*2*1*0*0*0,120
7,3165.954,1*0*0*1*0*1*1*1*0*1*0*0*1*0*1*2*1*0*0*0,125
7,3165.835,1*0*0*1*0*1*1*1*0*1*0*0*1*0*1*2*1*0*0*0,130
7,3165.753,1*0*0*1*0*1*1*1*0*1*0*0*1*0*1*2*1*0*0*0,135
7,3165.708,1*0*0*1*0*1*1*1*0*1*0*0*1*0*1*2*1*0*0*0,140
7,3165.5383,1*0*0*1*0*1*1*1*0*1*0*0*1*0*1*2*1*0*0*0,145
7,3165.5076,1*0*0*1*0*1*1*1*0*1*0*0*1*0*1*2*1*0*0*0,150
7,3165.4805,1*0*0*1*0*1*1*1*0*1*0*0*1*0*1*2*1*0*0*0,155
7,3165.4736,1*0*0*1*0*1*1*1*0*1*0*0*1*0*1*2*1*0*0*0,160
7,3165.0276,1*0*0*1*0*1*1*1*0*1*0*0*1*0*1*2*1*0*0*0,165
7,3164.768,1*0*0*1*0*1*1*1*0*1*0*0*1*0*1*2*1*0*0*0,180
7,3164.75,1*0*0*1*0*1*1*1*0*1*0*0*1*0*1*2*1*0*0*0,185
7,3164.7437,1*0*0*1*0*1*1*1*0*1*0*0*1*0*1*2*1*0*0*0,190
7,3164.446,1*0*0*1*0*1*1*1*0*1*0*0*1*0*1*2*1*0*0*0,195
7,3164.4456,1*0*0*1*0*1*1*1*0*1*0*0*1*0*1*2*1*0*0*0,200
8,3227.1724,0*1*0*0*0*1*1*1*0*1*1*1*1*0*1*1*0*0*1*0,0
8,3206.1826,0*1*0*0*0*1*2*1*0*2*1*1*1*0*1*1*0*0*1*0,5
8,3197.6216,0*1*0*0*0*1*1*1*0*1*1*1*1*0*1*1*0*0*1*0,10
8,3171.7678,0*1*0*0*0*1*2*0*0*2*1*1*1*0*1*1*0*0*1*0,15
8,3162.6558,0*1*0*0*0*1*2*0*0*2*1*1*1*0*1*1*0*0*1*0,20
8,2992.8672,1*0*0*0*1*1*1*1*0*1*0*1*1*0*1*1*1*0*1*0,25
8,2977.3364,1*0*0*0*1*1*1*1*0*1*0*1*1*0*1*1*1*0*1*0,30
8,2966.7249,1*0*0*0*1*1*1*1*0*1*0*1*1*0*1*1*1*0*1*0,35
8,2964.4375,1*0*0*0*1*1*1*1*0*1*0*1*1*0*1*1*1*0*1*0,40
8,2960.558,1*0*0*0*1*1*1*1*0*1*0*1*1*0*1*1*1*0*1*0,45
8,2957.291,1*0*0*0*1*1*1*1*0*1*0*1*1*0*1*1*1*0*1*0,50
8,2955.3464,1*0*0*0*1*1*1*1*0*1*0*1*1*0*1*1*1*0*1*0,55
8,2952.8914,1*0*0*0*1*1*1*1*0*1*0*1*1*0*1*1*1*0*1*0,60
8,2952.3289,1*0*0*0*1*1*1*1*0*1*0*1*1*0*1*1*1*0*1*0,65
8,2950.9177,1*0*0*0*1*1*1*1*0*1*0*1*1*0*1*1*1*0*1*0,70
8,2950.3357,1*0*0*0*1*1*1*1*0*1*0*1*1*0*1*1*1*0*1*0,75
8,2949.8228,1*0*0*0*1*1*1*1*0*1*0*1*1*0*1*1*1*0*1*0,80
8,2949.5793,1*0*0*0*1*1*1*1*0*1*0*1*1*0*1*1*1*0*1*0,85
8,2949.2249,1*0*0*0*1*1*1*1*0*1*0*1*1*0*1*1*1*0*1*0,95
8,2949.0864,1*0*0*0*1*1*1*1*0*1*0*1*1*0*1*1*1*0*1*0,100
8,2948.9827,1*0*0*0*1*1*1*1*0*1*0*1*1*0*1*1*1*0*1*0,105
8,2948.919,1*0*0*0*1*1*1*1*0*1*0*1*1*0*1*1*1*0*1*0,110
8,2948.8225,1*0*0*0*1*1*1*1*0*1*0*1*1*0*1*1*1*0*1*0,115
8,2948.7004,1*0*0*0*1*1*1*1*0*1*0*1*1*0*1*1*1*0*1*0,120
8,2948.5894,1*0*0*0*1*1*1*1*0*1*0*1*1*0*1*1*1*0*1*0,125
8,2948.5679,1*0*0*0*1*1*1*1*0*1*0*1*1*0*1*1*1*0*1*0,130
8,2948.4736,1*0*0*0*1*1*1*1*0*1*0*1*1*0*1*1*1*0*1*0,135
8,2948.4084,1*0*0*0*1*1*1*1*0*1*0*1*1*0*1*1*1*0*1*0,140
8,2948.3955,1*0*0*0*1*1*1*1*0*1*0*1*1*0*1*1*1*0*1*0,145
8,2948.3904,1*0*0*0*1*1*1*1*0*1*0*1*1*0*1*1*1*0*1*0,150
8,2948.39,1*0*0*0*1*1*1*1*0*1*0*1*1*0*1*1*1*0*1*0,155
8,2948.3896,1*0*0*0*1*1*1*1*0*1*0*1*1*0*1*1*1*0*1*0,160
8,2948.3442,1*0*0*0*1*1*1*1*0*1*0*1*1*0*1*1*1*0*1*0,170
8,2948.3296,1*0*0*0*1*1*1*1*0*1*0*1*1*0*1*1*1*0*1*0,175
8,2948.2822,1*0*0*0*1*1*1*1*0*1*0*1*1*0*1*1*1*0*1*0,180
8,2948.2683,1*0*0*0*1*1*1*1*0*1*0*1*1*0*1*1*1*0*1*0,190
8,2948.266,1*0*0*0*1*1*1*1*0*1*0*1*1*0*1*1*1*0*1*0,195
8,2948.2625,1*0*0*0*1*1*1*1*0*1*0*1*1*0*1*1*1*0*1*0,200
8,2948.2424,1*0*0*0*1*1*1*1*0*1*0*1*1*0*1*1*1*0*1*0,205
8,2948.1836,1*0*0*0*1*1*1*1*0*1*0*1*1*0*1*1*1*0*1*0,210
8,2948.1455,1*0*0*0*1*1*1*1*0*1*0*1*1*0*1*1*1*0*1*0,215
8,2948.123,1*0*0*0*1*1*1*1*0*1*0*1*1*0*1*1*1*0*1*0,220
8,2948.1091,1*0*0*0*1*1*1*1*0*1*0*1*1*0*1*1*1*0*1*0,225
9,3233.9849,0*0*0*0*1*1*0*2*1*1*0*1*1*0*1*0*1*1*1*1,0
9,3149.2961,0*0*0*0*1*1*0*2*1*1*0*1*1*0*1*0*1*1*1*1,5
9,3147.5166,0*0*0*0*1*1*0*2*1*1*0*1*1*0*1*0*1*1*1*1,10
9,3128.9275,0*0*0*0*1*1*0*2*1*1*0*1*1*0*1*0*1*1*1*1,15
9,3117.4468,0*0*0*0*1*1*0*2*1*1*0*1*1*0*1*0*1*1*1*1,20
9,3097.4006,0*0*0*0*1*1*0*2*1*1*0*1*1*0*1*0*1*1*1*1,25
9,3092.0513,0*0*0*0*1*1*0*2*1*1*0*1*1*0*1*0*1*1*1*1,30
9,3089.0044,0*0*0*0*1*1*0*2*1*1*0*1*1*0*1*0*1*1*1*1,35
9,3084.8733,0*0*0*0*1*1*0*2*1*1*0*1*1*0*1*0*1*1*1*1,40
9,3081.8003,0*0*0*0*1*1*0*2*1*1*0*1*1*0*1*0*1*1*1*1,45
9,3073.9343,0*0*0*0*1*1*0*2*1*1*0*1*1*0*1*0*1*1*1*1,50
9,3070.417,0*0*0*0*1*1*0*2*1*1*0*1*1*0*1*0*1*1*1*1,55
9,3069.391,0*0*0*0*1*1*0*2*1*1*0*1*1*0*1*0*1*1*1*1,60
9,3068.9766,0*0*0*0*1*1*0*2*1*1*0*1*1*0*1*0*1*1*1*1,65
9,3068.9373,0*0*0*0*1*1*0*2*1*1*0*1*1*0*1*0*1*1*1*1,70
9,3068.826,0*0*0*0*1*1*0*1*1*1*0*1*1*0*1*0*1*1*1*1,75
9,3068.3123,0*0*0*0*1*1*0*2*1*1*0*1*1*0*1*0*1*1*1*1,80
9,3067.9182,0*0*0*0*1*1*0*1*1*1*0*1*1*0*1*0*1*1*1*1,85
9,3067.4253,0*0*0*0*1*1*0*1*1*1*0*1*1*0*1*0*1*1*1*1,90
9,3066.9487,0*0*0*0*1*1*0*1*1*1*0*1*1*0*1*0*1*1*1*1,95
9,3066.8608,0*0*0*0*1*1*0*1*1*1*0*1*1*0*1*0*1*1*1*1,100
9,3066.7935,0*0*0*0*1*1*0*1*1*1*0*1*1*0*1*0*1*1*1*1,105
9,3066.7334,0*0*0*0*1*1*0*1*1*1*0*1*1*0*1*0*1*1*1*1,110
9,3066.694,0*0*0*0*1*1*0*1*1*1*0*1*1*0*1*0*1*1*1*1,115
9,3066.6428,0*0*0*0*1*1*0*1*1*1*0*1*1*0*1*0*1*1*1*1,120
9,3066.6055,0*0*0*0*1*1*0*1*1*1*0*1*1*0*1*0*1*1*1*1,125
9,3065.277,0*0*0*0*1*1*0*1*1*1*0*1*1*0*1*0*1*1*1*1,130
9,3065.0276,0*0*0*0*1*1*0*1*1*1*0*1*1*0*1*0*1*1*1*1,135
9,3064.6252,0*0*0*0*1*1*0*1*1*1*0*1*1*0*1*0*1*1*1*1,145
9,3064.1226,0*0*0*0*1*1*0*1*1*1*0*1*1*0*1*0*1*1*1*1,150
9,3063.7905,0*0*0*0*1*1*0*1*1*1*0*1*1*0*1*0*1*1*1*1,155
9,3063.7195,0*0*0*0*1*1*0*1*1*1*0*1*1*0*1*0*1*1*1*1,160
9,3063.611,0*0*0*0*1*1*0*1*1*1*0*1*1*0*1*0*1*1*1*1,165
9,3063.567,0*0*0*0*1*1*0*1*1*1*0*1*1*0*1*0*1*1*1*1,170
9,3063.5637,0*0*0*0*1*1*0*1*1*1*0*1*1*0*1*0*1*1*1*1,175
9,3063.5125,0*0*0*0*1*1*0*1*1*1*0*1*1*0*1*0*1*1*1*1,180
9,3063.3792,0*0*0*0*1*1*0*1*1*1*0*1*1*0*1*0*1*1*1*1,190
9,3063.3513,0*0*0*0*1*1*0*1*1*1*0*1*1*0*1*0*1*1*1*1,195
9,3063.1064,0*0*0*0*1*1*0*1*1*1*0*1*1*0*1*0*1*1*1*1,200
9,3063.0215,0*0*0*0*1*1*0*1*1*1*0*1*1*0*1*0*1*1*1*1,205
9,3062.9558,0*0*0*0*1*1*0*1*1*1*0*1*1*0*1*0*1*1*1*1,210
9,3062.8462,0*0*0*0*1*1*0*1*1*1*0*1*1*0*1*0*1*1*1*1,215
9,3062.8445,0*0*0*0*1*1*0*1*1*1*0*1*1*0*1*0*1*1*1*1,220
10,3211.17,0*0*0*0*0*1*1*1*0*2*0*1*1*1*1*1*1*1*1*0,0
10,3172.6738,0*0*0*0*0*1*1*1*0*2*0*1*1*1*1*1*1*1*1*0,5
10,3152.7947,0*0*0*0*0*1*1*1*0*2*0*1*1*1*1*1*1*1*1*0,10
10,3148.603,0*0*0*0*0*1*1*1*0*2*0*1*1*1*1*1*1*1*1*0,15
10,3133.747,1*1*0*0*0*1*1*1*0*1*0*1*1*0*1*0*1*1*1*1,20
10,3119.5938,1*1*0*0*0*1*1*1*0*1*0*1*1*0*1*0*1*1*1*0,25
10,3094.089,1*1*0*0*0*1*1*1*0*1*0*1*1*0*1*0*1*1*1*1,30
10,3068.9517,1*1*0*0*0*1*1*1*0*1*0*1*1*0*1*0*1*1*1*1,40
10,3057.9475,1*1*0*0*0*1*1*1*0*1*0*1*1*0*1*0*1*1*1*0,45
10,3032.5576,1*1*0*0*0*1*1*1*0*1*0*1*1*0*1*0*1*1*1*0,50
10,3032.1665,1*1*0*0*0*1*1*1*0*1*0*1*1*0*1*0*1*1*1*0,55
10,3023.1292,1*1*0*0*0*1*2*1*0*1*0*1*1*0*1*0*1*1*1*0,60
10,3018.3853,1*1*0*0*0*1*2*1*0*1*0*1*1*0*1*0*1*1*1*0,65
10,3011.8174,1*1*0*0*0*1*2*1*0*1*0*1*1*0*1*0*1*1*1*0,70
10,3011.1636,1*1*0*0*0*1*2*1*0*1*0*1*1*0*1*0*1*1*1*0,75
10,3010.3782,1*1*0*0*0*1*2*1*0*1*0*1*1*0*1*0*1*1*1*0,85
10,3010.1807,1*1*0*0*0*1*2*1*0*1*0*1*1*0*1*0*1*1*1*0,90
10,3005.8677,1*1*0*0*0*1*1*1*0*1*0*1*1*0*1*0*1*1*1*0,95
10,3004.9426,1*1*0*0*0*1*1*1*0*1*0*1*1*0*1*0*1*1*1*0,100
10,3004.7441,1*1*0*0*0*1*1*1*0*1*0*1*1*0*1*0*1*1*1*0,105
10,3002.4438,1*1*0*0*0*1*1*1*0*1*0*1*1*0*1*0*1*1*1*0,110
10,3001.5605,1*1*0*0*0*1*1*1*0*1*0*1*1*0*1*0*1*1*1*0,115
10,3000.0059,1*1*0*0*0*1*2*1*0*1*0*1*1*0*1*0*1*1*1*0,120
10,2999.602,1*1*0*0*0*1*2*1*0*1*0*1*1*0*1*0*1*1*1*0,125
10,2999.4443,1*1*0*0*0*1*2*1*0*1*0*1*1*0*1*0*1*1*1*0,130
10,2999.2441,1*1*0*0*0*1*2*1*0*1*0*1*1*0*1*0*1*1*1*0,135
10,2999.1543,1*1*0*0*0*1*2*1*0*1*0*1*1*0*1*0*1*1*1*0,140
10,2999.0344,1*1*0*0*0*1*2*1*0*1*0*1*1*0*1*0*1*1*1*0,145
10,2999.0107,1*1*0*0*0*1*2*1*0*1*0*1*1*0*1*0*1*1*1*0,150
10,2998.9822,1*1*0*0*0*1*2*1*0*1*0*1*1*0*1*0*1*1*1*0,155
10,2998.728,1*1*0*0*0*1*2*1*0*1*0*1*1*0*1*0*1*1*1*0,160
10,2998.1438,1*1*0*0*0*1*2*1*0*1*0*1*1*0*1*0*1*1*1*0,165
10,2997.872,1*1*0*0*0*1*2*1*0*1*0*1*1*0*1*0*1*1*1*0,170
10,2997.2668,1*1*0*0*0*1*2*1*0*1*0*1*1*0*1*0*1*1*1*0,175
10,2997.0708,1*1*0*0*0*1*2*1*0*1*0*1*1*0*1*0*1*1*1*0,180
10,2996.9065,1*1*0*0*0*1*2*1*0*1*0*1*1*0*1*0*1*1*1*0,195
10,2996.7542,1*1*0*0*0*1*2*1*0*1*0*1*1*0*1*0*1*1*1*1,200
10,2996.682,1*1*0*0*0*1*2*1*0*1*0*1*1*0*1*0*1*1*1*0,205
10,2996.3882,1*1*0*0*0*1*2*1*0*1*0*1*1*0*1*0*1*1*1*1,210
10,2996.3726,1*1*0*0*0*1*2*1*0*1*0*1*1*0*1*0*1*1*1*1,215
10,2996.3132,1*1*0*0*0*1*2*1*0*1*0*1*1*0*1*0*1*1*1*1,220
11,3091.0679,0*1*0*0*1*1*1*0*0*1*0*0*1*0*1*0*1*0*1*0,0
11,3032.7734,0*1*0*0*1*1*1*0*0*1*0*0*1*0*1*0*1*0*1*0,5
11,3013.697,0*1*0*0*1*1*1*0*0*1*0*0*1*0*1*0*1*0*1*0,10
11,3007.8079,0*1*0*0*1*1*1*0*0*1*1*0*1*0*1*0*1*0*1*0,15
11,2985.4128,0*1*0*0*1*1*1*0*0*1*0*0*1*0*1*0*1*0*1*0,20
11,2979.1917,0*1*0*0*1*1*1*0*0*1*0*0*1*0*1*0*1*0*1*0,25
11,2972.4443,0*1*0*0*1*1*1*0*0*1*0*0*1*0*1*0*1*0*1*0,30
11,2970.8462,0*1*0*0*1*1*1*0*0*1*0*0*1*0*1*0*1*0*1*0,35
11,2968.9636,0*1*0*0*1*1*1*0*0*1*0*0*1*0*1*0*1*0*1*0,40
11,2967.1687,0*1*0*0*1*1*1*0*0*1*0*0*1*0*1*0*1*0*1*0,45
11,2958.4858,0*1*0*0*1*1*1*0*0*1*0*0*1*0*1*0*1*0*1*0,50
11,2954.6978,0*1*0*0*1*1*1*0*0*1*0*0*1*0*1*0*1*0*1*0,55
11,2953.2773,0*1*0*0*1*1*1*0*0*1*0*0*1*0*1*0*1*0*1*0,60
11,2951.418,0*1*0*0*1*1*1*0*0*1*0*0*1*0*1*0*1*0*1*0,65
11,2951.1353,0*1*0*0*1*1*1*0*0*1*0*0*1*0*1*0*1*0*1*0,70
11,2950.5662,0*1*0*0*1*1*1*0*0*1*0*0*1*0*1*0*1*0*1*0,75
11,2950.0896,0*1*0*0*1*1*1*0*0*1*0*0*1*0*1*0*1*0*1*0,80
11,2949.944,0*1*0*0*1*1*1*0*0*1*0*0*1*0*1*0*1*0*1*0,85
11,2949.8254,0*1*0*0*1*1*1*0*0*1*0*0*1*0*1*0*1*0*1*0,90
11,2949.2896,0*1*0*0*1*1*1*0*0*1*0*0*1*0*1*0*1*0*1*0,95
11,2948.9568,0*1*0*0*1*1*1*0*0*1*0*0*1*0*1*0*1*0*1*0,100
11,2948.821,0*1*0*0*1*1*1*0*0*1*0*0*1*0*1*0*1*0*1*0,105
11,2948.7688,0*1*0*0*1*1*1*0*0*1*0*0*1*0*1*0*1*0*1*0,110
11,2947.4912,0*1*0*0*1*1*1*0*0*1*0*0*1*0*1*0*1*0*1*0,115
11,2946.5972,0*1*0*0*1*1*1*0*0*1*0*0*1*0*1*0*1*0*1*0,120
11,2944.7126,0*1*0*0*1*1*1*0*0*1*0*0*1*0*1*0*1*0*1*0,125
11,2944.382,0*1*0*0*1*1*1*0*0*1*0*0*1*0*1*0*1*0*1*0,130
11,2944.2686,0*1*0*0*1*1*1*0*0*1*0*0*1*0*1*0*1*0*1*0,135
11,2944.2085,0*1*0*0*1*1*1*0*0*1*0*0*1*0*1*0*1*0*1*0,145
11,2944.0337,0*1*0*0*1*1*1*0*0*1*0*0*1*0*1*0*1*0*1*0,150
11,2943.9036,0*1*0*0*1*1*1*0*0*1*0*0*1*0*1*0*1*0*1*0,155
11,2943.8635,0*1*0*0*1*1*1*0*0*1*0*0*1*0*1*0*1*0*1*0,160
11,2943.2234,0*1*0*0*1*1*1*0*0*1*0*0*1*0*1*0*1*0*1*0,165
11,2943.1533,0*1*0*0*1*1*1*0*0*1*0*0*1*0*1*0*1*0*1*0,170
11,2942.341,0*1*0*0*1*1*1*0*0*1*0*0*1*0*1*0*1*0*1*0,175
11,2941.8997,0*1*0*0*1*1*1*0*0*1*0*0*1*0*1*0*1*0*1*0,180
11,2941.3076,0*1*0*0*1*1*1*0*0*1*0*0*1*0*1*0*1*0*1*0,185
11,2941.0881,0*1*0*0*1*1*1*0*0*1*0*0*1*0*1*0*1*0*1*0,190
11,2940.7432,0*1*0*0*1*1*1*0*0*1*0*0*1*0*1*0*1*0*1*0,195
11,2940.4275,0*1*0*0*1*1*1*0*0*1*0*0*1*0*1*0*1*0*1*0,200
11,2939.766,0*1*0*0*1*1*1*0*0*1*0*0*1*0*1*0*1*0*1*0,205
11,2939.3425,0*1*0*0*1*1*1*0*0*1*0*0*1*0*1*0*1*0*1*0,210
11,2938.941,0*1*0*0*1*1*1*0*0*1*0*0*1*0*1*0*1*0*1*0,215
11,2938.705,0*1*0*0*1*1*1*0*0*1*0*0*1*0*1*0*1*0*1*0,220
11,2938.2349,0*1*0*0*1*1*1*0*0*1*0*0*1*0*1*0*1*0*1*0,225
12,3651.9138,1*1*0*1*1*1*1*1*0*1*1*1*0*0*0*0*0*0*0*1,0
12,3117.9653,0*1*0*0*0*1*1*1*1*1*1*1*1*0*1*1*1*0*1*0,5
12,3069.2607,0*1*0*0*0*1*1*1*1*1*1*1*1*0*1*1*1*0*1*0,10
12,3063.5486,0*1*0*0*0*1*1*1*1*1*1*1*1*0*1*1*1*0*1*0,15
12,3058.0405,0*1*0*0*0*1*1*1*1*1*1*1*1*0*1*1*1*0*1*0,20
12,3052.9912,0*1*0*0*0*1*1*1*1*1*1*1*1*0*1*1*1*0*1*0,25
12,3039.08,0*1*0*0*0*1*1*1*1*1*1*1*1*0*1*1*1*0*1*0,30
12,3020.417,0*1*0*0*0*1*1*1*1*1*1*1*1*0*1*1*1*0*1*0,35
12,3008.295,0*1*0*0*0*1*1*1*1*1*1*1*2*0*1*1*1*0*1*0,40
12,3003.4429,0*1*0*0*0*1*1*1*1*1*1*1*2*0*1*1*1*0*1*0,45
12,3002.026,0*1*0*0*0*1*1*1*1*1*1*1*2*0*1*1*1*0*1*0,50
12,2999.8699,0*1*0*0*0*1*1*1*1*1*1*1*2*0*1*1*1*0*1*0,55
12,2998.9495,0*1*0*0*0*1*1*1*1*1*1*1*2*0*1*1*1*0*1*0,60
12,2997.4158,0*1*0*0*0*1*1*1*1*1*1*1*2*0*1*1*1*0*1*0,65
12,2996.699,0*1*0*0*0*1*1*1*1*1*1*1*2*0*1*1*1*0*1*0,70
12,2996.3699,0*1*0*0*0*1*1*1*1*1*1*1*2*0*1*1*1*0*1*0,75
12,2996.3555,0*1*0*0*0*1*1*1*1*1*1*1*2*0*1*1*1*0*1*0,80
12,2996.228,0*1*0*0*0*1*1*1*1*1*1*1*2*0*1*1*1*0*1*0,85
12,2996.168,0*1*0*0*0*1*1*1*1*1*1*1*2*0*1*1*1*0*1*0,90
12,2996.1335,0*1*0*0*0*1*1*1*1*1*1*1*2*0*1*1*1*0*1*0,95
12,2996.0989,0*1*0*0*0*1*1*1*1*1*1*1*2*0*1*1*1*0*1*0,100
12,2991.736,0*1*0*0*0*1*1*1*1*1*1*1*2*0*1*1*1*0*1*0,105
12,2991.7258,0*1*0*0*0*1*1*1*1*1*1*1*2*0*1*1*1*0*1*0,110
12,2991.659,0*1*0*0*0*1*1*1*1*1*1*1*2*0*1*1*1*0*1*0,115
12,2991.3538,0*1*0*0*0*1*1*1*1*1*1*1*2*0*1*1*1*0*1*0,120
12,2991.1243,0*1*0*0*0*1*1*1*1*1*1*1*2*0*1*1*1*0*1*0,125
12,2990.9736,0*1*0*0*0*1*1*1*1*1*1*1*2*0*1*1*1*0*1*0,130
12,2990.2896,0*1*0*0*0*1*1*1*1*1*1*1*2*0*1*1*1*0*1*0,135
12,2989.9658,0*1*0*0*0*1*1*1*1*1*1*1*2*0*1*1*1*0*1*0,140
12,2989.8657,0*1*0*0*0*1*1*1*1*1*1*1*2*0*1*1*1*0*1*0,145
12,2989.852,0*1*0*0*0*1*1*1*1*1*1*1*2*0*1*1*1*0*1*0,150
12,2989.8496,0*1*0*0*0*1*1*1*1*1*1*1*2*0*1*1*1*0*1*0,155
12,2989.7502,0*1*0*0*0*1*1*1*1*1*1*1*2*0*1*1*1*0*1*0,160
12,2989.7375,0*1*0*0*0*1*1*1*1*1*1*1*2*0*1*1*1*0*1*0,165
12,2989.7217,0*1*0*0*0*1*1*1*1*1*1*1*2*0*1*1*1*0*1*0,175
12,2989.6816,0*1*0*0*0*1*1*1*1*1*1*1*2*0*1*1*1*0*1*0,185
12,2989.558,0*1*0*0*0*1*1*1*1*1*1*1*2*0*1*1*1*0*1*0,190
12,2989.5474,0*1*0*0*0*1*1*1*1*1*1*1*2*0*1*1*1*0*1*0,195
12,2989.5415,0*1*0*0*0*1*1*1*1*1*1*1*2*0*1*1*1*0*1*0,200
12,2989.5388,0*1*0*0*0*1*1*1*1*1*1*1*2*0*1*1*1*0*1*0,205
12,2989.5386,0*1*0*0*0*1*1*1*1*1*1*1*2*0*1*1*1*0*1*0,210
12,2989.516,0*1*0*0*0*1*1*1*1*1*1*1*2*0*1*1*1*0*1*0,220
13,3713.6294,0*1*0*2*1*1*0*1*1*1*0*0*1*0*1*1*0*1*0*1,0
13,3321.46,0*0*0*1*1*0*1*1*0*1*0*1*1*0*1*1*1*1*1*1,5
13,3286.4763,0*0*0*1*1*0*1*1*0*1*0*1*1*0*1*1*1*1*1*1,10
13,3276.0022,0*0*0*1*1*0*1*1*0*1*0*1*1*0*1*1*1*1*1*1,15
13,3272.312,0*0*0*1*1*0*1*1*0*1*0*1*1*0*1*2*1*1*1*1,20
13,3118.3813,0*0*0*0*0*1*1*1*1*1*0*1*1*0*1*0*1*1*1*1,25
13,3094.914,0*0*0*0*0*1*1*1*1*1*0*1*1*0*1*0*1*1*1*1,30
13,3089.1804,0*0*0*0*0*1*1*1*1*1*0*1*1*0*1*0*1*1*1*1,35
13,3077.7444,0*0*0*0*0*1*1*1*1*1*0*1*1*0*1*0*1*1*1*1,40
13,3066.7498,0*0*0*0*0*1*1*1*1*1*0*1*1*0*1*0*1*1*1*1,45
13,3057.345,0*0*0*0*0*1*1*1*1*1*0*1*1*0*1*0*1*1*1*1,50
13,3051.3997,0*0*0*0*0*1*1*1*1*1*0*1*1*0*1*0*1*1*1*1,55
13,3049.5945,0*0*0*0*0*1*1*1*1*1*0*1*1*0*1*0*1*1*1*1,60
13,3045.09,0*0*0*0*0*1*1*1*1*1*0*1*1*0*1*0*1*1*1*1,65
13,3042.8208,0*0*0*0*0*1*1*1*1*1*0*1*1*0*1*0*1*1*1*1,70
13,3039.7751,0*0*0*0*0*1*1*1*1*1*0*1*1*0*1*0*1*1*1*1,75
13,3036.924,0*0*0*0*0*1*1*1*1*1*0*1*1*0*1*0*1*1*1*1,80
13,3035.9912,0*0*0*0*0*1*1*1*1*1*0*1*1*0*1*0*1*1*1*1,85
13,3035.7085,0*0*0*0*0*1*1*1*1*1*0*1*1*0*1*0*1*1*1*1,90
13,3034.697,0*0*0*0*0*1*1*1*1*1*0*1*1*0*1*0*1*1*1*1,95
13,3033.915,0*0*0*0*0*1*1*1*1*1*0*1*1*0*1*0*1*1*1*1,100
13,3033.6477,0*0*0*0*0*1*1*1*1*1*0*1*1*0*1*0*1*1*1*1,105
13,3032.3618,0*0*0*0*0*1*1*1*1*1*0*1*1*0*1*0*1*1*1*1,110
13,3031.9456,0*0*0*0*0*1*1*1*1*1*0*1*1*0*1*0*1*1*1*1,115
13,3031.4036,0*0*0*0*0*1*1*1*1*1*0*1*1*0*1*0*1*1*1*1,120
13,3031.1775,0*0*0*0*0*1*1*1*1*1*0*1*1*0*1*0*1*1*1*1,125
13,3030.3145,0*0*0*0*0*1*1*1*1*1*0*1*1*0*1*0*1*1*1*1,130
13,3029.94,0*0*0*0*0*1*1*1*1*1*0*1*1*0*1*0*1*1*1*1,135
13,3029.692,0*0*0*0*0*1*1*1*1*1*0*1*1*0*1*0*1*1*1*1,140
13,3029.6692,0*0*0*0*0*1*1*1*1*1*0*1*1*0*1*0*1*1*1*1,145
13,3029.6528,0*0*0*0*0*1*1*1*1*1*0*1*1*0*1*0*1*1*1*1,150
13,3029.6177,0*0*0*0*0*1*1*1*1*1*0*1*1*0*1*0*1*1*1*1,155
13,3029.5967,0*0*0*0*0*1*1*1*1*1*0*1*1*0*1*0*1*1*1*1,160
13,3029.4246,0*0*0*0*0*1*1*1*1*1*0*1*1*0*1*0*1*1*1*1,165
13,3029.3523,0*0*0*0*0*1*1*1*1*1*0*1*1*0*1*0*1*1*1*1,170
13,3029.3093,0*0*0*0*0*1*1*1*1*1*0*1*1*0*1*0*1*1*1*1,175
13,3029.1711,0*0*0*0*0*1*1*1*1*1*0*1*1*0*1*0*1*1*1*1,180
13,3029.128,0*0*0*0*0*1*1*1*1*1*0*1*1*0*1*0*1*1*1*1,185
13,3028.9,0*0*0*0*0*1*1*1*1*1*0*1*1*0*1*0*1*1*1*1,190
13,3028.7412,0*0*0*0*0*1*1*1*1*1*0*1*1*0*1*0*1*1*1*1,195
13,3028.7253,0*0*0*0*0*1*1*1*1*1*0*1*1*0*1*0*1*1*1*1,200
13,3028.7085,0*0*0*0*0*1*1*1*1*1*0*1*1*0*1*0*1*1*1*1,210
14,3121.135,0*0*0*0*1*1*1*1*0*1*0*0*1*0*0*1*1*0*1*0,0
14,3059.1777,0*0*0*0*1*1*1*1*0*1*0*0*1*0*0*1*1*0*1*0,5
14,3032.077,0*0*0*0*1*1*1*1*0*1*0*0*1*0*0*1*1*0*1*0,10
14,2988.3818,0*0*0*0*1*1*1*1*0*1*0*0*1*0*0*1*1*0*1*0,15
14,2975.939,0*0*0*0*1*1*1*1*0*1*0*0*1*0*0*1*1*0*1*0,20
14,2964.5186,0*0*0*0*1*1*1*1*0*1*0*0*1*0*0*1*1*0*2*0,25
14,2954.006,0*0*0*0*1*1*1*1*0*1*0*0*1*0*0*1*1*0*2*0,30
14,2944.5203,0*0*0*0*1*1*1*1*0*1*0*0*1*0*0*1*1*0*2*0,35
14,2937.194,0*0*0*0*1*1*1*1*0*1*0*0*1*0*0*1*1*0*1*0,40
14,2934.498,0*0*0*0*1*1*1*1*0*1*0*0*1*0*0*1*1*0*1*0,45
14,2932.8298,0*0*0*0*1*1*1*1*0*1*0*0*1*0*0*1*1*0*1*0,50
14,2932.1956,0*0*0*0*1*1*1*1*0*1*0*0*1*0*0*1*1*0*1*0,55
14,2931.1567,0*0*0*0*1*1*1*1*0*1*0*0*1*0*0*1*1*0*1*0,60
14,2929.986,0*0*0*0*1*1*1*1*0*1*0*0*1*0*0*1*1*0*1*0,65
14,2928.9265,0*0*0*0*1*1*1*1*0*1*0*0*1*0*0*1*1*0*1*0,70
14,2928.6582,0*0*0*0*1*1*1*1*0*1*0*0*1*0*0*1*1*0*1*0,75
14,2928.2957,0*0*0*0*1*1*1*1*0*1*0*0*1*0*0*1*1*0*1*0,80
14,2927.9773,0*0*0*0*1*1*1*1*0*1*0*0*1*0*0*1*1*0*1*0,85
14,2927.5881,0*0*0*0*1*1*1*1*0*1*0*0*1*0*0*1*1*0*1*0,90
14,2927.4456,0*0*0*0*1*1*1*1*0*1*0*0*1*0*0*1*1*0*1*0,95
14,2927.347,0*0*0*0*1*1*1*1*0*1*0*0*1*0*0*1*1*0*1*0,100
14,2927.2485,0*0*0*0*1*1*1*1*0*1*0*0*1*0*0*1*1*0*1*0,110
14,2927.0837,0*0*0*0*1*1*1*1*0*1*0*0*1*0*0*1*1*0*1*0,115
14,2926.9783,0*0*0*0*1*1*1*1*0*1*0*0*1*0*0*1*1*0*1*0,120
14,2926.818,0*0*0*0*1*1*1*1*0*1*0*0*1*0*0*1*1*0*1*0,125
14,2926.7822,0*0*0*0*1*1*1*1*0*1*0*0*1*0*0*1*1*0*1*0,130
14,2926.6875,0*0*0*0*1*1*1*1*0*1*0*0*1*0*0*1*1*0*1*0,135
14,2926.6008,0*0*0*0*1*1*1*1*0*1*0*0*1*0*0*1*1*0*1*0,140
14,2926.5032,0*0*0*0*1*1*1*1*0*1*0*0*1*0*0*1*1*0*1*0,150
14,2926.4956,0*0*0*0*1*1*1*1*0*1*0*0*1*0*0*1*1*0*1*0,155
14,2926.4907,0*0*0*0*1*1*1*1*0*1*0*0*1*0*0*1*1*0*1*0,165
14,2926.45,0*0*0*0*1*1*1*1*0*1*0*0*1*0*0*1*1*0*1*0,170
14,2926.221,0*0*0*0*1*1*1*1*0*1*0*0*1*0*0*1*1*0*1*0,175
14,2926.1377,0*0*0*0*1*1*1*1*0*1*0*0*1*0*0*1*1*0*1*0,180
14,2926.0005,0*0*0*0*1*1*1*1*0*1*0*0*1*0*0*1*1*0*1*0,185
14,2925.9675,0*0*0*0*1*1*1*1*0*1*0*0*1*0*0*1*1*0*1*0,190
14,2925.948,0*0*0*0*1*1*1*1*0*1*0*0*1*0*0*1*1*0*1*0,195
14,2925.9434,0*0*0*0*1*1*1*1*0*1*0*0*1*0*0*1*1*0*1*0,200
14,2925.9304,0*0*0*0*1*1*1*1*0*1*0*0*1*0*0*1*1*0*1*0,205
14,2925.9197,0*0*0*0*1*1*1*1*0*1*0*0*1*0*0*1*1*0*1*0,210
15,3259.0322,1*1*0*1*0*1*1*1*1*1*0*1*1*0*1*1*1*0*0*0,0
15,3020.0615,0*1*0*1*1*0*1*0*0*0*1*0*0*0*1*1*0*0*0*0,5
15,2992.9993,0*1*0*1*1*1*1*0*0*0*1*0*0*0*1*1*0*0*0*0,10
15,2855.127,0*1*0*1*1*0*1*0*0*0*1*0*0*0*1*1*0*0*0*0,15
15,2787.6538,0*1*0*1*1*0*1*0*0*0*1*0*0*0*1*1*0*0*0*0,20
15,2773.714,0*1*0*1*1*0*1*0*0*0*1*0*0*0*1*1*0*0*0*0,25
15,2767.8596,0*1*0*1*1*0*1*0*0*0*1*0*0*0*1*1*0*0*0*0,30
15,2765.0576,0*1*0*1*1*0*1*0*0*0*1*0*0*0*1*1*0*0*0*0,35
15,2759.2373,0*1*0*1*1*0*1*0*0*0*1*0*0*0*1*1*0*0*0*0,40
15,2757.6997,0*1*0*1*1*0*1*0*0*0*1*0*0*0*1*1*0*0*0*0,45
15,2755.8596,0*1*0*1*1*0*1*0*0*0*1*0*0*0*1*1*0*0*0*0,50
15,2755.2358,0*1*0*1*1*0*1*0*0*0*1*0*0*0*1*1*0*0*0*0,55
15,2754.76,0*1*0*1*1*0*1*0*0*0*1*0*0*0*1*1*0*0*0*0,60
15,2752.072,0*1*0*1*1*0*1*0*0*0*1*0*0*0*1*1*0*0*0*0,65
15,2751.985,0*1*0*1*1*0*1*0*0*0*1*0*0*0*1*1*0*0*0*0,70
15,2751.2993,0*1*0*1*1*0*1*0*0*0*1*0*0*0*1*1*0*0*0*0,75
15,2750.8127,0*1*0*1*1*0*1*0*0*0*1*0*0*0*1*1*0*0*0*0,80
15,2750.4858,0*1*0*1*1*0*1*0*0*0*1*0*0*0*1*1*0*0*0*0,85
15,2750.2896,0*1*0*1*1*0*1*0*0*0*1*0*0*0*1*1*0*0*0*0,90
15,2749.8672,0*1*0*1*1*0*1*0*0*0*1*0*0*0*1*1*0*0*0*0,95
15,2749.8533,0*1*0*1*1*0*1*0*0*0*1*0*0*0*1*1*0*0*0*0,100
15,2749.7683,0*1*0*1*1*0*1*0*0*0*1*0*0*0*1*1*0*0*0*0,105
15,2749.6807,0*1*0*1*1*0*1*0*0*0*1*0*0*0*1*1*0*0*0*0,110
15,2749.6353,0*1*0*1*1*0*1*0*0*0*1*0*0*0*1*1*0*0*0*0,115
15,2749.61,0*1*0*1*1*0*1*0*0*0*1*0*0*0*1*1*0*0*0*0,120
15,2749.5896,0*1*0*1*1*0*1*0*0*0*1*0*0*0*1*1*0*0*0*0,130
15,2749.5554,0*1*0*1*1*0*1*0*0*0*1*0*0*0*1*1*0*0*0*0,145
15,2749.5332,0*1*0*1*1*0*1*0*0*0*1*0*0*0*1*1*0*0*0*0,150
15,2749.5208,0*1*0*1*1*0*1*0*0*0*1*0*0*0*1*1*0*0*0*0,155
15,2749.453,0*1*0*1*1*0*1*0*0*0*1*0*0*0*1*1*0*0*0*0,175
15,2749.413,0*1*0*1*1*0*1*0*0*0*1*0*0*0*1*1*0*0*0*0,180
15,2749.3445,0*1*0*1*1*0*1*0*0*0*1*0*0*0*1*1*0*0*0*0,185
15,2749.2764,0*1*0*1*1*0*1*0*0*0*1*0*0*0*1*1*0*0*0*0,190
15,2749.1824,0*1*0*1*1*0*1*0*0*0*1*0*0*0*1*1*0*0*0*0,195
15,2749.0994,0*1*0*1*1*0*1*0*0*0*1*0*0*0*1*1*0*0*0*0,200
15,2749.0735,0*1*0*1*1*0*1*0*0*0*1*0*0*0*1*1*0*0*0*0,205
15,2748.9817,0*1*0*1*1*0*1*0*0*0*1*0*0*0*1*1*0*0*0*0,210
15,2748.9673,0*1*0*1*1*0*1*0*0*0*1*0*0*0*1*1*0*0*0*0,215
15,2748.966,0*1*0*1*1*0*1*0*0*0*1*0*0*0*1*1*0*0*0*0,220
15,2748.9617,0*1*0*1*1*0*1*0*0*0*1*0*0*0*1*1*0*0*0*0,225
16,3177.082,0*1*0*0*1*1*1*1*1*1*1*1*1*0*1*1*0*0*1*0,0
16,3072.275,0*1*0*0*0*1*2*1*0*1*0*2*1*0*1*1*1*1*2*1,5
16,3036.953,0*1*0*0*0*1*2*1*0*1*0*2*1*0*1*1*1*1*2*1,10
16,3002.2798,0*1*0*0*0*1*2*1*0*1*0*2*2*0*1*1*1*1*2*1,15
16,2987.2944,0*1*0*0*0*1*2*1*0*1*0*2*2*0*1*1*1*1*2*1,20
16,2983.3916,0*1*0*0*0*1*2*1*0*1*0*2*2*0*1*1*1*1*2*1,25
16,2982.95,0*1*0*0*0*1*2*1*0*1*0*2*2*0*1*1*1*1*2*1,30
16,2982.7766,0*1*0*0*0*1*2*1*0*1*0*2*2*0*1*1*1*1*2*1,35
16,2982.716,0*1*0*0*0*1*2*1*0*1*0*2*2*0*1*1*1*1*2*1,40
16,2982.6177,0*1*0*0*0*1*2*1*0*1*0*2*2*0*1*1*1*1*2*1,45
16,2982.5686,0*1*0*0*0*1*2*1*0*1*0*2*2*0*1*1*1*1*2*1,50
16,2982.4019,0*1*0*0*0*1*2*1*0*1*0*2*2*0*1*1*1*1*2*1,55
16,2982.3516,0*1*0*0*0*1*2*1*0*1*0*2*2*0*1*1*1*1*2*1,60
16,2982.2883,0*1*0*0*0*1*2*1*0*1*0*2*2*0*1*1*1*1*2*1,65
16,2982.259,0*1*0*0*0*1*2*1*0*1*0*2*2*0*1*1*1*1*2*1,70
16,2982.2578,0*1*0*0*0*1*2*1*0*1*0*2*2*0*1*1*1*1*2*1,75
16,2982.2493,0*1*0*0*0*1*2*1*0*1*0*2*2*0*1*1*1*1*1*1,80
16,2982.1443,0*1*0*0*0*1*2*1*0*1*0*2*2*0*1*1*1*1*1*1,85
16,2982.133,0*1*0*0*0*1*2*1*0*1*0*2*2*0*1*1*1*1*1*1,90
16,2981.9966,0*1*0*0*0*1*2*1*0*1*0*2*2*0*1*1*1*1*1*1,95
16,2981.6938,0*1*0*0*0*1*2*1*0*1*0*2*2*0*1*1*1*1*1*1,105
16,2981.602,0*1*0*0*0*1*2*1*0*1*0*2*2*0*1*1*1*1*1*1,110
16,2981.5984,0*1*0*0*0*1*2*1*0*1*0*2*2*0*1*1*1*1*1*1,115
16,2981.595,0*1*0*0*0*1*2*1*0*1*0*2*2*0*1*1*1*1*1*1,120
16,2981.5933,0*1*0*0*0*1*2*1*0*1*0*2*2*0*1*1*1*1*1*1,125
16,2981.5793,0*1*0*0*0*1*2*1*0*1*0*2*2*0*1*1*1*1*1*1,130
16,2981.5632,0*1*0*0*0*1*2*1*0*1*0*2*2*0*1*1*1*1*1*1,135
16,2981.559,0*1*0*0*0*1*2*1*0*1*0*2*2*0*1*1*1*1*1*1,140
16,2981.5498,0*1*0*0*0*1*2*1*0*1*0*2*2*0*1*1*1*1*1*1,145
16,2981.546,0*1*0*0*0*1*2*1*0*1*0*2*2*0*1*1*1*1*1*1,150
16,2981.5095,0*1*0*0*0*1*2*1*0*1*0*2*2*0*1*1*1*1*1*1,160
16,2981.5088,0*1*0*0*0*1*2*1*0*1*0*2*2*0*1*1*1*1*1*1,175
16,2981.5085,0*1*0*0*0*1*2*1*0*1*0*2*2*0*1*1*1*1*1*1,185
16,2981.507,0*1*0*0*0*1*2*1*0*1*0*2*2*0*1*1*1*1*1*1,200
16,2981.5066,0*1*0*0*0*1*2*1*0*1*0*2*2*0*1*1*1*1*1*1,210
17,3215.971,1*0*0*0*0*1*1*1*0*1*0*2*1*0*2*1*1*0*1*0,0
17,3183.6155,1*0*0*0*0*1*1*1*0*1*0*2*1*0*2*1*1*0*1*0,5
17,3136.3274,1*0*0*0*0*1*1*1*0*1*0*2*1*0*2*1*1*0*1*0,10
17,3122.721,1*0*0*0*0*1*1*1*0*1*0*1*1*0*2*1*1*0*1*0,15
17,3117.201,1*0*0*0*0*1*1*1*0*1*0*1*1*0*2*1*1*0*1*0,20
17,3092.6555,1*0*0*0*0*1*1*1*0*1*0*1*1*0*2*1*1*0*1*0,25
17,3086.5327,1*0*0*0*0*1*1*1*0*1*0*1*1*0*2*1*1*0*1*0,30
17,3083.0935,1*0*0*0*0*1*1*1*0*1*0*1*1*0*2*1*1*0*1*0,35
17,3078.102,1*0*0*0*0*1*1*1*0*1*0*1*1*0*2*1*1*0*1*0,40
17,3074.7637,1*0*0*0*0*1*1*1*0*1*0*1*1*0*2*1*1*0*1*0,45
17,3072.1255,1*0*0*0*0*1*1*1*0*1*0*1*1*0*2*1*1*0*1*0,50
17,3070.7993,1*0*0*0*0*1*1*1*0*1*0*1*1*0*2*1*1*0*1*0,55
17,3063.6443,1*0*0*0*0*1*1*1*0*1*0*1*1*0*2*1*1*0*1*0,60
17,3062.6575,1*0*0*0*0*1*1*1*0*1*0*1*1*0*2*1*1*0*1*0,65
17,3061.0615,1*0*0*0*0*1*1*1*0*1*0*1*1*0*2*1*1*0*1*0,70
17,3059.6726,1*0*0*0*0*1*1*1*0*1*0*1*1*0*2*1*1*0*1*0,75
17,3057.838,1*0*0*0*0*1*1*1*0*1*0*1*1*0*2*1*1*0*1*0,80
17,3056.098,1*0*0*0*0*1*1*1*0*1*0*1*1*0*2*1*1*0*1*0,85
17,3054.4136,1*0*0*0*0*1*1*1*0*1*0*1*1*0*2*1*1*0*1*0,90
17,3051.895,1*0*0*0*0*1*1*1*0*1*0*1*1*0*2*1*1*0*1*0,95
17,3050.732,1*0*0*0*0*1*1*1*0*1*0*1*1*0*2*1*1*0*1*0,100
17,3047.375,1*0*0*0*0*1*1*1*0*1*0*1*1*0*2*1*1*0*1*0,105
17,3046.8145,1*0*0*0*0*1*1*1*0*1*0*1*1*0*2*1*1*0*1*0,110
17,3046.383,1*0*0*0*0*1*1*1*0*1*0*1*1*0*2*1*1*0*1*0,115
17,3045.7449,1*0*0*0*0*1*1*1*0*1*0*1*1*0*2*1*1*0*1*0,125
17,3045.0364,1*0*0*0*0*1*1*1*0*1*0*1*1*0*2*1*1*0*1*0,130
17,3044.9343,1*0*0*0*0*1*1*1*0*1*0*1*1*0*2*1*1*0*1*0,135
17,3044.8525,1*0*0*0*0*1*1*1*0*1*0*1*1*0*2*1*1*0*1*0,140
17,3044.8137,1*0*0*0*0*1*1*1*0*1*0*1*1*0*2*1*1*0*1*0,145
17,3044.617,1*0*0*0*0*1*1*1*0*1*0*1*1*0*2*1*1*0*1*0,150
17,3044.4126,1*0*0*0*0*1*1*1*0*1*0*1*1*0*2*1*1*0*1*0,155
17,3044.2844,1*0*0*0*0*1*1*1*0*1*0*1*1*0*2*1*1*0*1*0,160
17,3044.243,1*0*0*0*0*1*1*1*0*1*0*1*1*0*2*1*1*0*1*0,165
17,3044.2388,1*0*0*0*0*1*1*1*0*1*0*1*1*0*2*1*1*0*1*0,170
17,3044.0408,1*0*0*0*0*1*1*1*0*1*0*1*1*0*2*1*1*0*1*0,175
17,3044.0105,1*0*0*0*0*1*1*1*0*1*0*1*1*0*2*1*1*0*1*0,180
17,3043.9954,1*0*0*0*0*1*1*1*0*1*0*1*1*0*2*1*1*0*1*0,185
17,3043.9944,1*0*0*0*0*1*1*1*0*1*0*1*1*0*2*1*1*0*1*0,195
17,3043.9858,1*0*0*0*0*1*1*1*0*1*0*1*1*0*2*1*1*0*1*0,205
17,3043.9534,1*0*0*0*0*1*1*1*0*1*0*1*1*0*2*1*1*0*1*0,210
17,3043.9084,1*0*0*0*0*1*1*1*0*1*0*1*1*0*2*1*1*0*1*0,220
17,3043.8984,1*0*0*0*0*1*1*1*0*1*0*1*1*0*2*1*1*0*1*0,225
18,3327.4429,0*1*0*0*1*1*1*1*1*1*1*0*1*0*1*1*1*1*1*1,0
18,3164.1602,0*0*1*0*1*1*1*1*0*1*1*1*1*0*1*0*1*0*0*0,5
18,3085.2102,0*1*0*0*1*1*1*1*0*1*1*0*1*0*1*0*1*0*1*0,10
18,3049.7366,0*1*0*0*1*1*1*1*0*1*1*0*1*0*1*0*1*0*1*0,15
18,3015.6729,0*1*0*0*1*1*1*1*0*1*1*0*1*0*1*0*1*0*1*0,20
18,2993.1438,0*1*0*0*1*1*1*1*0*1*1*0*1*0*1*0*1*0*1*0,25
18,2989.7437,0*1*0*0*1*1*1*1*0*1*1*0*1*0*1*0*1*0*1*0,30
18,2983.8247,0*1*0*0*1*1*2*1*0*1*1*0*1*0*1*0*1*0*1*0,35
18,2975.5657,0*1*0*0*1*1*2*1*0*1*1*0*1*0*1*0*1*0*1*0,40
18,2957.8425,0*1*0*0*1*1*2*1*0*1*1*0*1*0*1*1*1*0*1*0,45
18,2944.616,0*1*0*0*1*1*2*1*0*1*1*0*1*0*1*1*1*0*1*0,50
18,2944.1003,0*1*0*0*1*1*2*1*0*1*1*0*1*0*1*1*1*0*1*0,55
18,2942.5298,0*1*0*0*1*1*2*1*0*1*1*0*1*0*1*1*1*0*1*0,60
18,2939.6843,0*1*0*0*1*1*2*1*0*1*1*0*1*0*1*1*1*0*1*0,65
18,2937.974,0*1*0*0*1*1*2*1*0*1*1*0*1*0*1*1*1*0*1*0,70
18,2936.2585,0*1*0*0*1*1*2*1*0*1*1*0*1*0*1*1*1*0*1*0,75
18,2935.0703,0*1*0*0*1*1*2*1*0*1*1*0*1*0*1*1*1*0*1*0,80
18,2934.6328,0*1*0*0*1*1*2*1*0*1*1*0*1*0*1*1*1*0*1*0,85
18,2933.7227,0*1*0*0*1*1*2*1*0*1*1*0*1*0*1*1*1*0*1*0,90
18,2933.636,0*1*0*0*1*1*2*1*0*1*1*0*1*0*1*1*1*0*1*0,95
18,2933.5403,0*1*0*0*1*1*2*1*0*1*1*0*1*0*1*1*1*0*1*0,100
18,2933.125,0*1*0*0*1*1*2*1*0*1*1*0*1*0*1*1*1*0*1*0,105
18,2932.524,0*1*0*0*1*1*2*1*0*1*1*0*1*0*1*1*1*0*1*0,110
18,2932.285,0*1*0*0*1*1*2*1*0*1*1*0*1*0*1*1*1*0*1*0,115
18,2931.7393,0*1*0*0*1*1*2*1*0*1*1*0*1*0*1*1*1*0*1*0,120
18,2931.644,0*1*0*0*1*1*2*1*0*1*1*0*1*0*1*1*1*0*1*0,125
18,2931.6108,0*1*0*0*1*1*2*1*0*1*1*0*1*0*1*1*1*0*1*0,130
18,2931.5232,0*1*0*0*1*1*2*1*0*1*1*0*1*0*1*1*1*0*1*0,135
18,2931.4812,0*1*0*0*1*1*2*1*0*1*1*0*1*0*1*1*1*0*1*0,140
18,2931.4143,0*1*0*0*1*1*2*1*0*1*1*0*1*0*1*1*1*0*1*0,145
18,2931.2932,0*1*0*0*1*1*2*1*0*1*1*0*1*0*1*1*1*0*1*0,150
18,2931.2854,0*1*0*0*1*1*2*1*0*1*1*0*1*0*1*1*1*0*1*0,155
18,2930.6572,0*1*0*0*1*1*2*1*0*1*1*0*1*0*1*1*1*0*1*0,160
18,2930.5955,0*1*0*0*1*1*2*1*0*1*1*0*1*0*1*1*1*0*1*0,165
18,2930.5151,0*1*0*0*1*1*1*1*0*1*1*0*1*0*1*1*1*0*1*0,170
18,2929.679,0*1*0*0*1*1*2*1*0*1*1*0*1*0*1*1*1*0*1*0,175
18,2929.6763,0*1*0*0*1*1*2*1*0*1*1*0*1*0*1*1*1*0*1*0,180
18,2929.3042,0*1*0*0*1*1*2*1*0*1*1*0*1*0*1*1*1*0*1*0,185
18,2929.2493,0*1*0*0*1*1*2*1*0*1*1*0*1*0*1*1*1*0*1*0,195
18,2929.1306,0*1*0*0*1*1*2*1*0*1*1*0*1*0*1*1*1*0*1*0,200
18,2929.0017,0*1*0*0*1*1*2*1*0*1*1*0*1*0*1*1*1*0*1*0,205
18,2928.9956,0*1*0*0*1*1*2*1*0*1*1*0*1*0*1*1*1*0*1*0,210
18,2928.9485,0*1*0*0*1*1*2*1*0*1*1*0*1*0*1*1*1*0*1*0,215
18,2928.8909,0*1*0*0*1*1*2*1*0*1*1*0*1*0*1*1*1*0*1*0,225
19,3113.6108,0*1*1*0*1*1*1*1*0*1*0*0*1*0*1*2*2*0*1*0,0
19,3031.4143,0*1*0*0*1*1*1*1*0*1*0*0*1*0*1*1*2*0*1*0,10
19,3021.1384,0*1*0*0*1*1*1*1*0*1*0*0*1*0*1*1*2*0*1*0,15
19,3006.1902,0*1*0*0*1*1*1*1*0*1*0*0*1*0*1*1*2*0*1*0,20
19,3000.0474,0*1*0*0*1*1*1*1*0*1*0*0*1*0*1*1*2*0*1*0,25
19,2997.5483,0*1*0*0*1*1*1*1*0*1*0*0*1*0*1*1*2*0*1*0,30
19,2994.12,0*1*0*0*1*1*1*1*0*1*0*0*1*0*1*1*2*0*1*0,35
19,2992.9622,0*1*0*0*1*1*1*1*0*1*0*0*1*0*1*1*2*0*1*0,40
19,2991.7922,0*1*0*0*1*1*1*1*0*1*0*0*1*0*1*1*2*0*1*0,45
19,2991.2747,0*1*0*0*1*1*1*1*0*1*0*0*1*0*1*1*2*0*1*0,50
19,2991.126,0*1*0*0*1*1*1*1*0*1*0*0*1*0*1*1*2*0*1*0,55
19,2990.6829,0*1*0*0*1*1*1*1*0*1*0*0*1*0*1*1*2*0*1*0,60
19,2990.5557,0*1*0*0*1*1*1*1*0*1*0*0*1*0*1*1*2*0*1*0,65
19,2990.4526,0*1*0*0*1*1*1*1*0*1*0*0*1*0*1*1*2*0*1*0,70
19,2990.2683,0*1*0*0*1*1*1*1*0*1*0*0*1*0*1*1*2*0*1*0,75
19,2990.201,0*1*0*0*1*1*1*1*0*1*0*0*1*0*1*1*2*0*1*0,80
19,2990.187,0*1*0*0*1*1*1*1*0*1*0*0*1*0*1*1*2*0*1*0,85
19,2990.1711,0*1*0*0*1*1*1*1*0*1*0*0*1*0*1*1*2*0*1*0,90
19,2990.0232,0*1*0*0*1*1*1*1*0*1*0*0*1*0*1*1*2*0*1*0,95
19,2989.9617,0*1*0*0*1*1*1*1*0*1*0*0*1*0*1*1*2*0*1*0,100
19,2989.8716,0*1*0*0*1*1*1*1*0*1*0*0*1*0*1*1*2*0*1*0,105
19,2989.8667,0*1*0*0*1*1*1*1*0*1*0*0*1*0*1*1*2*0*1*0,110
19,2989.8347,0*1*0*0*1*1*1*1*0*1*0*0*1*0*1*1*2*0*1*0,115
19,2989.7786,0*1*0*0*1*1*1*1*0*1*0*0*1*0*1*1*2*0*1*0,120
19,2989.7546,0*1*0*0*1*1*1*1*0*1*0*0*1*0*1*1*2*0*1*0,125
19,2989.754,0*1*0*0*1*1*1*1*0*1*0*0*1*0*1*1*2*0*1*0,135
19,2989.738,0*1*0*0*1*1*1*1*0*1*0*0*1*0*1*1*2*0*1*0,140
19,2989.7336,0*1*0*0*1*1*1*1*0*1*0*0*1*0*1*1*2*0*1*0,145
19,2989.731,0*1*0*0*1*1*1*1*0*1*0*0*1*0*1*1*2*0*1*0,150
19,2989.7156,0*1*0*0*1*1*1*1*0*1*0*0*1*0*1*1*2*0*1*0,155
19,2989.707,0*1*0*0*1*1*1*1*0*1*0*0*1*0*1*1*2*0*1*0,160
19,2989.7017,0*1*0*0*1*1*1*1*0*1*0*0*1*0*1*1*2*0*1*0,165
19,2989.6995,0*1*0*0*1*1*1*1*0*1*0*0*1*0*1*1*2*0*1*0,170
19,2989.6987,0*1*0*0*1*1*1*1*0*1*0*0*1*0*1*1*2*0*1*0,190
19,2989.6929,0*1*0*0*1*1*1*1*0*1*0*0*1*0*1*1*2*0*1*0,200
19,2989.6921,0*1*0*0*1*1*1*1*0*1*0*0*1*0*1*1*2*0*1*0,205
19,2989.6692,0*1*0*0*1*1*1*1*0*1*0*0*1*0*1*1*2*0*1*0,215
20,3321.8142,1*0*0*0*1*1*0*1*0*1*0*1*1*0*1*1*1*0*1*0,0
20,3136.4329,1*0*0*0*1*1*0*1*0*1*0*1*1*0*0*1*1*0*1*0,5
20,3118.885,1*0*0*0*1*1*0*1*0*1*0*1*1*0*0*1*1*0*1*0,10
20,3072.347,1*0*0*0*1*1*0*1*0*1*0*1*1*0*0*1*1*0*1*0,15
20,3058.2031,1*0*0*0*1*1*0*1*0*1*0*1*1*0*0*1*1*0*1*0,20
20,3054.2666,1*0*0*0*1*1*0*1*0*1*0*1*1*0*0*1*1*0*1*0,25
20,3037.7976,1*0*0*0*1*1*0*1*0*1*0*1*1*0*0*1*1*0*1*0,30
20,3035.8357,1*0*0*0*1*1*0*1*0*1*0*1*1*0*0*1*1*0*1*0,35
20,3032.7705,1*0*0*0*1*1*0*1*0*1*0*1*1*0*0*1*1*0*1*0,40
20,3031.367,1*0*0*0*1*1*0*1*0*1*0*1*1*0*0*1*1*0*1*0,45
20,3029.7285,1*0*0*0*1*1*0*1*0*1*0*1*1*0*0*1*1*0*1*0,50
20,3029.2034,1*0*0*0*1*1*0*1*0*1*0*1*1*0*0*1*1*0*1*0,55
20,3028.7063,1*0*0*0*1*1*0*1*0*1*0*1*1*0*0*1*1*0*1*0,60
20,3028.4976,1*0*0*0*1*1*0*1*0*1*0*1*1*0*0*1*1*0*1*0,65
20,3027.5078,1*0*0*0*1*1*0*1*0*1*0*1*1*0*0*1*1*0*1*0,70
20,3026.8052,1*0*0*0*1*1*0*1*0*1*0*1*1*0*0*1*1*0*1*0,75
20,3026.7732,1*0*0*0*1*1*0*1*0*1*0*1*1*0*0*1*1*0*1*0,80
20,3026.6665,1*0*0*0*1*1*0*1*0*1*0*1*1*0*0*1*1*0*1*0,85
20,3026.5393,1*0*0*0*1*1*0*1*0*1*0*1*1*0*0*1*1*0*1*0,90
20,3026.3005,1*0*0*0*1*1*0*1*0*1*0*1*1*0*0*1*1*0*1*0,100
20,3025.9963,1*0*0*0*1*1*0*1*0*1*0*1*1*0*0*1*1*0*1*0,105
20,3025.9553,1*0*0*0*1*1*0*1*0*1*0*1*1*0*0*1*1*0*1*0,110
20,3025.859,1*0*0*0*1*1*0*1*0*1*0*1*1*0*0*1*1*0*1*0,115
20,3025.825,1*0*0*0*1*1*0*1*0*1*0*1*1*0*0*1*1*0*1*0,120
20,3025.744,1*0*0*0*1*1*0*1*0*1*0*1*1*0*0*1*1*0*1*0,125
20,3025.6406,1*0*0*0*1*1*0*1*0*1*0*1*1*0*0*1*1*0*1*0,130
20,3016.0908,1*0*0*0*1*1*0*1*0*1*0*1*1*0*0*1*1*0*1*0,135
20,3015.8733,1*0*0*0*1*1*0*1*0*1*0*1*1*0*0*1*1*0*1*0,140
20,3007.9143,1*0*0*0*1*1*0*1*0*1*0*1*1*0*0*1*1*0*1*0,145
20,3007.6455,1*0*0*0*1*1*0*1*0*1*0*1*1*0*0*1*1*0*1*0,150
20,3004.4426,1*0*0*0*1*1*0*1*0*1*0*1*1*0*0*1*1*0*1*0,155
20,3004.423,1*0*0*0*1*1*0*1*0*1*0*1*1*0*0*1*1*0*1*0,160
20,3004.3496,1*0*0*0*1*1*0*1*0*1*0*1*1*0*0*1*1*0*1*0,165
20,3004.337,1*0*0*0*1*1*0*1*0*1*0*1*1*0*0*1*1*0*1*0,170
20,3003.803,1*0*0*0*1*1*0*1*0*1*0*1*1*0*0*1*1*0*1*0,175
20,3003.7708,1*0*0*0*1*1*0*1*0*1*0*1*1*0*0*1*1*0*1*0,180
20,3003.7456,1*0*0*0*1*1*0*1*0*1*0*1*1*0*0*1*1*0*1*0,185
20,3003.7434,1*0*0*0*1*1*0*1*0*1*0*1*1*0*0*1*1*0*1*0,190
20,3003.7014,1*0*0*0*1*1*0*1*0*1*0*1*1*0*0*1*1*0*1*0,200
20,3003.6965,1*0*0*0*1*1*0*1*0*1*0*1*1*0*0*1*1*0*1*0,205
21,3191.7783,0*0*0*0*1*1*1*1*0*1*0*1*2*0*1*0*1*1*1*0,0
21,3131.0032,0*0*0*0*1*1*1*1*0*1*0*1*2*0*1*0*1*1*1*0,5
21,3101.1768,0*0*0*0*1*1*1*1*0*1*0*1*2*0*1*0*1*1*1*0,10
21,3086.1926,0*0*0*0*1*1*1*1*0*1*0*1*2*0*1*0*1*1*1*0,15
21,3048.8508,0*0*0*0*1*1*1*1*0*1*0*1*2*0*1*0*1*1*1*0,20
21,3028.323,0*0*0*0*1*1*1*1*0*1*0*1*2*0*1*0*1*1*1*0,25
21,3025.7053,0*0*0*0*1*1*1*1*0*1*0*1*2*0*1*0*1*1*1*0,30
21,3024.735,0*0*0*0*1*1*1*1*0*1*0*1*2*0*1*0*1*1*1*0,35
21,3024.072,0*0*0*0*1*1*1*1*0*1*0*1*2*0*1*0*1*1*1*0,40
21,3023.0908,0*0*0*0*1*1*1*1*0*1*0*1*2*0*1*0*1*1*1*0,45
21,3022.1377,0*0*0*0*1*1*1*1*0*1*0*1*2*0*1*0*1*1*1*0,50
21,3011.1294,0*0*0*0*1*1*1*1*0*1*0*1*2*0*1*0*1*1*1*0,55
21,3009.6284,0*0*0*0*1*1*1*1*0*1*0*1*2*0*1*0*1*1*1*0,60
21,3009.308,0*0*0*0*1*1*1*1*0*1*0*1*2*0*1*0*1*1*1*0,65
21,3009.085,0*0*0*0*1*1*1*1*0*1*0*1*2*0*1*0*1*1*1*0,70
21,3007.8884,0*0*0*0*1*1*1*1*0*1*0*1*2*0*1*0*1*1*1*0,75
21,3007.0078,0*0*0*0*1*1*1*1*0*1*0*1*2*0*1*0*1*1*1*0,80
21,3006.2769,0*0*0*0*1*1*1*1*0*1*0*1*2*0*1*0*1*1*1*0,85
21,3006.13,0*0*0*0*1*1*1*1*0*1*0*1*2*0*1*0*1*1*1*0,90
21,3005.848,0*0*0*0*1*1*1*1*0*1*0*1*2*0*1*0*1*1*1*0,95
21,3005.198,0*0*0*0*1*1*1*1*0*1*0*1*2*0*1*0*1*1*1*0,100
21,3004.514,0*0*0*0*1*1*1*1*0*1*0*1*2*0*1*0*1*1*1*0,105
21,3004.2524,0*0*0*0*1*1*1*1*0*1*0*1*2*0*1*0*1*1*1*0,110
21,3004.2341,0*0*0*0*1*1*1*1*0*1*0*1*2*0*1*0*1*1*1*0,120
21,3004.207,0*0*0*0*1*1*1*1*0*1*0*1*2*0*1*0*1*1*1*0,125
21,3004.1985,0*0*0*0*1*1*1*1*0*1*0*1*2*0*1*0*1*1*1*0,130
21,3004.1628,0*0*0*0*1*1*1*1*0*1*0*1*2*0*1*0*1*1*1*0,135
21,3004.084,0*0*0*0*1*1*1*1*0*1*0*1*2*0*1*0*1*1*1*0,140
21,3004.0774,0*0*0*0*1*1*1*1*0*1*0*1*2*0*1*0*1*1*1*0,160
21,3004.0085,0*0*0*0*1*1*1*1*0*1*0*1*2*0*1*0*1*1*1*0,165
21,3003.9944,0*0*0*0*1*1*1*1*0*1*0*1*2*0*1*0*1*1*1*0,170
21,3003.9846,0*0*0*0*1*1*1*1*0*1*0*1*2*0*1*0*1*1*1*0,175
21,3003.9832,0*0*0*0*1*1*1*1*0*1*0*1*2*0*1*0*1*1*1*0,190
21,3003.9724,0*0*0*0*1*1*1*1*0*1*0*1*2*0*1*0*1*1*1*0,220
22,3210.767,0*0*0*1*0*1*0*1*0*1*0*1*1*0*0*1*0*0*0*0,0
22,3106.4988,0*0*0*1*1*1*0*1*0*1*0*1*1*0*0*1*0*0*0*0,5
22,3044.0496,0*0*0*1*1*1*1*1*0*1*0*1*1*0*0*1*0*0*0*0,10
22,3022.772,0*0*0*1*1*1*1*1*0*1*0*1*1*0*0*1*0*0*0*0,15
22,3009.791,0*0*0*1*1*1*1*1*0*1*0*1*1*0*0*1*0*0*0*0,20
22,3003.1497,0*0*0*1*1*1*1*1*0*1*0*1*1*0*0*1*0*0*0*0,25
22,3001.4211,0*0*0*1*1*1*1*1*0*1*0*1*1*0*0*1*0*0*0*0,30
22,2992.7573,0*0*0*1*1*1*1*1*0*1*0*1*1*0*0*1*0*0*0*0,35
22,2983.952,0*0*0*1*1*1*1*1*0*1*0*1*1*0*0*1*0*0*0*0,40
22,2981.5977,0*0*0*1*1*1*1*1*0*1*0*1*1*0*0*1*0*0*0*0,45
22,2976.9717,0*0*0*1*1*1*1*1*0*1*0*1*1*0*0*1*0*0*0*0,50
22,2973.3718,0*0*0*1*1*1*1*1*0*1*0*1*1*0*0*1*0*0*0*0,55
22,2971.5315,0*0*0*1*1*1*1*1*0*1*0*1*1*0*0*1*0*0*0*0,60
22,2969.869,0*0*0*1*1*1*1*1*0*1*0*1*1*0*0*1*0*0*0*0,65
22,2969.2454,0*0*0*1*1*1*1*1*0*1*0*1*1*0*0*1*0*0*0*0,70
22,2968.6538,0*0*0*1*1*1*1*1*0*1*0*1*1*0*0*1*0*0*0*0,75
22,2967.7693,0*0*0*1*1*1*1*1*0*1*0*1*1*0*0*1*0*0*0*0,80
22,2967.548,0*0*0*1*1*1*1*1*0*1*0*1*1*0*0*1*0*0*0*0,85
22,2966.9211,0*0*0*1*1*1*1*1*0*1*0*1*1*0*0*1*0*0*0*0,90
22,2966.6897,0*0*0*1*1*1*1*1*0*1*0*1*1*0*0*1*0*0*0*0,95
22,2966.5454,0*0*0*1*1*1*1*1*0*1*0*1*1*0*0*1*0*0*0*0,100
22,2966.545,0*0*0*1*1*1*1*1*0*1*0*1*1*0*0*1*0*0*0*0,105
22,2966.4104,0*0*0*1*1*1*1*1*0*1*0*1*1*0*0*1*0*0*0*0,110
22,2966.2693,0*0*0*1*1*1*1*1*0*1*0*1*1*0*0*1*0*0*0*0,115
22,2966.2476,0*0*0*1*1*1*1*1*0*1*0*1*1*0*0*1*0*0*0*0,120
22,2966.2234,0*0*0*1*1*1*1*1*0*1*0*1*1*0*0*1*0*0*0*0,125
22,2966.1113,0*0*0*1*1*1*1*1*0*1*0*1*1*0*0*1*0*0*0*0,135
22,2966.098,0*0*0*1*1*1*1*1*0*1*0*1*1*0*0*1*0*0*0*0,140
22,2966.096,0*0*0*1*1*1*1*1*0*1*0*1*1*0*0*1*0*0*0*0,145
22,2966.0789,0*0*0*1*1*1*1*1*0*1*0*1*1*0*0*1*0*0*0*0,150
22,2966.0554,0*0*0*1*1*1*1*1*0*1*0*1*1*0*0*1*0*0*0*0,155
22,2966.0356,0*0*0*1*1*1*1*1*0*1*0*1*1*0*0*1*0*0*0*0,160
22,2966.0183,0*0*0*1*1*1*1*1*0*1*0*1*1*0*0*1*0*0*0*0,165
22,2966.0125,0*0*0*1*1*1*1*1*0*1*0*1*1*0*0*1*0*0*0*0,170
22,2966.0085,0*0*0*1*1*1*1*1*0*1*0*1*1*0*0*1*0*0*0*0,175
22,2965.976,0*0*0*1*1*1*1*1*0*1*0*1*1*0*0*1*0*0*0*0,180
22,2965.9485,0*0*0*1*1*1*1*1*0*1*0*1*1*0*0*1*0*0*0*0,185
22,2965.9404,0*0*0*1*1*1*1*1*0*1*0*1*1*0*0*1*0*0*0*0,190
22,2965.9392,0*0*0*1*1*1*1*1*0*1*0*1*1*0*0*1*0*0*0*0,195
22,2965.9204,0*0*0*1*1*1*1*1*0*1*0*1*1*0*0*1*0*0*0*0,200
22,2965.9177,0*0*0*1*1*1*1*1*0*1*0*1*1*0*0*1*0*0*0*0,205
22,2965.9053,0*0*0*1*1*1*1*1*0*1*0*1*1*0*0*1*0*0*0*0,215
22,2965.9036,0*0*0*1*1*1*1*1*0*1*0*1*1*0*0*1*0*0*0*0,220
23,3464.919,0*0*0*1*1*1*1*1*1*1*0*0*1*0*0*0*0*0*1*1,0
23,3227.8657,0*0*1*1*0*1*1*1*0*1*0*1*1*0*0*0*0*0*1*0,5
23,3204.4392,0*0*1*1*0*1*1*1*0*1*0*1*1*0*0*0*0*0*1*0,10
23,3185.8489,0*0*1*1*0*1*1*1*0*1*0*1*1*0*0*0*0*0*1*0,15
23,3176.844,0*0*1*1*0*1*1*1*0*1*0*1*1*0*0*0*0*0*1*0,20
23,3072.9124,0*1*0*1*1*1*1*1*0*1*0*1*1*0*1*1*0*0*1*0,25
23,3052.9097,0*1*0*1*1*1*1*1*0*1*0*1*1*0*1*1*0*0*1*0,30
23,3015.1372,0*0*0*1*1*1*1*1*0*1*0*1*1*0*1*1*0*0*1*0,35
23,3011.76,0*0*0*1*1*1*1*1*0*1*0*1*1*0*1*1*0*0*1*0,40
23,2983.305,0*0*0*1*1*1*1*1*0*1*0*1*1*0*1*1*0*0*1*0,45
23,2977.126,0*0*0*1*1*1*1*1*0*1*0*1*1*0*1*1*0*0*1*0,50
23,2972.4814,0*0*0*1*1*1*1*1*0*1*0*1*1*0*1*1*0*0*1*0,55
23,2968.3708,0*0*0*1*1*1*1*1*0*1*0*1*1*0*1*1*0*0*1*0,60
23,2961.72,0*0*0*1*1*1*1*1*0*1*0*1*1*0*1*1*0*0*1*0,65
23,2959.8362,0*0*0*1*1*1*1*1*0*1*0*1*1*0*1*1*0*0*1*0,70
23,2959.3677,0*0*0*1*1*1*1*1*0*1*0*1*1*0*1*1*0*0*1*0,75
23,2958.136,0*0*0*1*1*1*1*1*0*1*0*1*1*0*1*1*0*0*1*0,80
23,2957.5256,0*0*0*1*1*1*1*1*0*1*0*1*1*0*1*1*0*0*1*0,85
23,2957.295,0*0*0*1*1*1*1*1*0*1*0*1*1*0*1*1*0*0*1*0,90
23,2956.533,0*0*0*1*1*1*1*1*0*1*0*1*1*0*1*1*0*0*1*0,95
23,2955.9731,0*0*0*1*1*1*1*1*0*1*0*1*1*0*1*1*0*0*1*0,100
23,2955.6333,0*0*0*1*1*1*1*1*0*1*0*1*1*0*1*1*0*0*1*0,105
23,2955.2666,0*0*0*1*1*1*1*1*0*1*0*1*1*0*1*1*0*0*1*0,110
23,2955.1099,0*0*0*1*1*1*1*1*0*1*0*1*1*0*1*1*0*0*1*0,115
23,2954.9556,0*0*0*1*1*1*1*1*0*1*0*1*1*0*1*1*0*0*1*0,120
23,2954.7446,0*0*0*1*1*1*1*1*0*1*0*1*1*0*1*1*0*0*1*0,125
23,2954.6907,0*0*0*1*1*1*1*1*0*1*0*1*1*0*1*1*0*0*1*0,130
23,2954.6802,0*0*0*1*1*1*1*1*0*1*0*1*1*0*1*1*0*0*1*0,160
23,2954.6587,0*0*0*1*1*1*1*1*0*1*0*1*1*0*1*1*0*0*1*0,165
23,2954.614,0*0*0*1*1*1*1*1*0*1*0*1*1*0*1*1*0*0*1*0,170
23,2954.582,0*0*0*1*1*1*1*1*0*1*0*1*1*0*1*1*0*0*1*0,175
23,2954.575,0*0*0*1*1*1*1*1*0*1*0*1*1*0*1*1*0*0*1*0,210
24,3493.5305,1*1*0*0*0*1*1*2*1*1*1*1*0*1*1*0*1*0*1*0,0
24,3163.4373,0*0*0*0*1*1*0*1*0*0*1*1*1*0*0*0*0*0*1*0,5
24,3047.2473,0*0*0*0*1*1*0*1*0*0*1*1*1*0*0*0*0*0*1*0,10
24,3026.2395,0*0*0*0*1*1*0*1*0*0*1*1*1*0*0*0*0*0*1*0,15
24,3006.2478,0*0*0*0*1*1*0*1*0*0*1*1*1*0*0*0*0*0*1*0,20
24,2988.3528,0*0*0*0*1*1*0*1*0*0*1*1*1*0*0*0*0*0*1*0,25
24,2974.1592,0*0*0*0*1*1*0*1*0*0*1*1*1*0*0*0*0*0*1*0,30
24,2948.298,0*0*0*0*1*1*0*1*0*0*1*1*1*0*0*0*0*0*1*0,35
24,2942.9036,0*0*0*0*1*1*0*1*0*0*1*1*1*0*0*0*0*0*1*0,40
24,2941.155,0*0*0*0*1*1*0*1*0*0*1*1*1*0*0*0*0*0*1*0,45
24,2939.85,0*0*0*0*1*1*0*1*0*0*1*1*1*0*0*0*0*0*1*0,50
24,2938.3997,0*0*0*0*1*1*0*1*0*0*1*1*1*0*0*0*0*0*1*0,55
24,2936.793,0*0*0*0*1*1*0*1*0*0*1*1*1*0*0*0*0*0*1*0,60
24,2936.186,0*0*0*0*1*1*0*1*0*0*1*1*1*0*0*0*0*0*1*0,65
24,2935.5657,0*0*0*0*1*1*0*1*0*0*1*1*1*0*0*0*0*0*1*0,70
24,2934.5598,0*0*0*0*1*1*0*1*0*0*1*1*1*0*0*0*0*0*1*0,75
24,2933.7478,0*0*0*0*1*1*0*1*0*0*1*1*1*0*0*0*0*0*1*0,80
24,2932.9458,0*0*0*0*1*1*0*1*0*0*1*1*1*0*0*0*0*0*1*0,85
24,2932.7412,0*0*0*0*1*1*0*1*0*0*1*1*1*0*0*0*0*0*1*0,90
24,2932.194,0*0*0*0*1*1*0*1*0*0*1*1*1*0*0*0*0*0*1*0,95
24,2931.7727,0*0*0*0*1*1*0*1*0*0*1*1*1*0*0*0*0*0*1*0,100
24,2930.9382,0*0*0*0*1*1*0*1*0*0*1*1*1*0*0*0*0*0*1*0,105
24,2930.5806,0*0*0*0*1*1*0*1*0*0*1*1*1*0*0*0*0*0*1*0,110
24,2930.4937,0*0*0*0*1*1*0*1*0*0*1*1*1*0*0*0*0*0*1*0,115
24,2930.3542,0*0*0*0*1*1*0*1*0*0*1*1*1*0*0*0*0*0*1*0,120
24,2930.0955,0*0*0*0*1*1*0*1*0*0*1*1*1*0*0*0*0*0*1*0,125
24,2929.758,0*0*0*0*1*1*0*1*0*0*1*1*1*0*0*0*0*0*1*0,130
24,2929.508,0*0*0*0*1*1*0*1*0*0*1*1*1*0*0*0*0*0*1*0,135
24,2929.4744,0*0*0*0*1*1*0*1*0*0*1*1*1*0*0*0*0*0*1*0,140
24,2929.4644,0*0*0*0*1*1*0*1*0*0*1*1*1*0*0*0*0*0*1*0,145
24,2929.366,0*0*0*0*1*1*0*1*0*0*1*1*1*0*0*0*0*0*1*0,150
24,2929.281,0*0*0*0*1*1*0*1*0*0*1*1*1*0*0*0*0*0*1*0,155
24,2929.0786,0*0*0*0*1*1*0*1*0*0*1*1*1*0*0*0*0*0*1*0,160
24,2929.0642,0*0*0*0*1*1*0*1*0*0*1*1*1*0*0*0*0*0*1*0,165
24,2921.6309,0*0*0*0*1*1*0*1*0*0*1*1*1*0*0*0*0*0*1*0,170
24,2915.0881,0*0*0*0*1*1*0*1*0*0*1*1*1*0*0*0*0*0*1*0,180
24,2908.5527,0*0*0*0*1*1*0*1*0*0*1*1*1*0*0*0*0*0*1*0,185
24,2891.9167,0*0*0*0*1*1*0*1*0*0*1*1*1*0*0*0*0*0*1*0,190
24,2891.3376,0*0*0*0*1*1*0*1*0*0*1*1*1*0*0*0*0*0*1*0,195
24,2891.006,0*0*0*0*1*1*0*1*0*0*1*1*1*0*0*0*0*0*1*0,200
24,2889.9568,0*0*0*0*1*1*0*1*0*0*1*1*1*0*0*0*0*0*1*0,205
24,2888.986,0*0*0*0*1*1*0*1*0*0*1*1*1*0*0*0*0*0*1*0,210
24,2888.7488,0*0*0*0*1*1*0*1*0*0*1*1*1*0*0*0*0*0*1*0,215
24,2888.6538,0*0*0*0*1*1*0*1*0*0*1*1*1*0*0*0*0*0*1*0,220
24,2888.2036,0*0*0*0*1*1*0*1*0*0*1*1*1*0*0*0*0*0*1*0,225
25,3065.171,0*0*0*0*1*1*1*1*0*1*0*1*1*0*1*1*1*0*2*0,0
25,3039.7883,0*0*0*0*1*1*1*1*0*1*0*1*1*0*1*1*1*0*2*0,5
25,3024.5642,0*0*0*0*1*1*1*1*0*1*0*1*1*0*1*1*1*0*2*0,10
25,3010.7463,0*0*0*0*1*1*1*1*0*2*0*1*1*0*1*1*1*0*2*0,15
25,3006.4163,0*0*0*0*1*1*1*1*0*2*0*1*1*0*1*1*1*0*2*0,20
25,3000.538,0*0*0*0*1*1*1*1*0*1*0*1*1*0*1*1*1*0*2*0,25
25,3000.1511,0*0*0*0*1*1*1*1*0*1*0*1*1*0*1*1*1*0*2*0,30
25,2997.8162,0*0*0*0*1*1*1*1*0*1*0*1*1*0*1*1*1*0*2*0,35
25,2993.2717,0*0*0*0*1*1*1*1*0*1*0*1*1*0*1*1*1*0*2*0,40
25,2991.5107,0*0*0*0*1*1*1*1*0*1*0*1*1*0*1*1*1*0*2*0,45
25,2990.2395,0*0*0*0*1*1*1*1*0*1*0*1*1*0*1*1*1*0*2*0,50
25,2989.3745,0*0*0*0*1*1*1*1*0*1*0*1*1*0*1*1*1*0*2*0,55
25,2988.0493,0*0*0*0*1*1*1*1*0*1*0*1*1*0*1*1*1*0*2*0,60
25,2987.2844,0*0*0*0*1*1*1*1*0*1*0*1*1*0*1*1*1*0*2*0,65
25,2987.1743,0*0*0*0*1*1*1*1*0*1*0*1*1*0*1*1*1*0*2*0,70
25,2987.0623,0*0*0*0*1*1*1*1*0*1*0*1*1*0*1*1*1*0*2*0,75
25,2986.9312,0*0*0*0*1*1*1*1*0*1*0*1*1*0*1*1*1*0*2*0,80
25,2986.8987,0*0*0*0*1*1*1*1*0*1*0*1*1*0*1*1*1*0*2*0,85
25,2986.876,0*0*0*0*1*1*1*1*0*1*0*1*1*0*1*1*1*0*2*0,90
25,2986.8262,0*0*0*0*1*1*1*1*0*1*0*1*1*0*1*1*1*0*2*0,95
25,2986.821,0*0*0*0*1*1*1*1*0*1*0*1*1*0*1*1*1*0*2*0,100
25,2986.813,0*0*0*0*1*1*1*1*0*1*0*1*1*0*1*1*1*0*2*0,105
25,2986.8005,0*0*0*0*1*1*1*1*0*1*0*1*1*0*1*1*1*0*2*0,110
25,2986.7954,0*0*0*0*1*1*1*1*0*1*0*1*1*0*1*1*1*0*2*0,115
25,2986.7825,0*0*0*0*1*1*1*1*0*1*0*1*1*0*1*1*1*0*2*0,120
25,2986.7368,0*0*0*0*1*1*1*1*0*1*0*1*1*0*1*1*1*0*2*0,125
25,2986.725,0*0*0*0*1*1*1*1*0*1*0*1*1*0*1*1*1*0*2*0,130
25,2986.7244,0*0*0*0*1*1*1*1*0*1*0*1*1*0*1*1*1*0*2*0,135
25,2986.7236,0*0*0*0*1*1*1*1*0*1*0*1*1*0*1*1*1*0*2*0,145
25,2986.7175,0*0*0*0*1*1*1*1*0*1*0*1*1*0*1*1*1*0*2*0,150
25,2986.7122,0*0*0*0*1*1*1*1*0*1*0*1*1*0*1*1*1*0*2*0,155
25,2986.7043,0*0*0*0*1*1*1*1*0*1*0*1*1*0*1*1*1*0*2*0,160
25,2986.6975,0*0*0*0*1*1*1*1*0*1*0*1*1*0*1*1*1*0*2*0,170
25,2986.6963,0*0*0*0*1*1*1*1*0*1*0*1*1*0*1*1*1*0*2*0,175
25,2986.6929,0*0*0*0*1*1*1*1*0*1*0*1*1*0*1*1*1*0*2*0,190
25,2986.6765,0*0*0*0*1*1*1*1*0*1*0*1*1*0*1*1*1*0*2*0,215
26,3120.8982,0*0*0*0*0*1*1*1*1*2*0*1*1*0*1*0*1*1*1*1,0
26,3083.764,0*0*0*0*0*1*1*1*1*2*0*1*1*0*1*0*1*1*1*1,5
26,3073.6584,0*0*0*0*0*1*2*1*0*2*0*1*1*0*1*0*1*1*1*1,10
26,3058.7258,0*0*0*0*0*1*1*1*0*2*0*1*1*0*1*0*1*1*1*1,15
26,3047.1326,0*0*0*0*0*1*2*1*0*2*0*1*2*0*1*0*1*1*1*1,20
26,3041.842,0*0*0*0*0*1*2*1*0*2*0*1*2*0*1*0*1*1*1*1,25
26,3036.3855,0*0*0*0*0*1*2*1*0*2*0*1*2*0*1*0*1*1*1*1,30
26,3033.0464,0*0*0*0*0*1*2*1*0*2*0*1*2*0*1*0*1*1*1*1,35
26,3030.084,0*0*0*0*0*1*2*1*0*2*0*1*2*0*1*0*1*1*1*1,40
26,3028.7546,0*0*0*0*0*1*2*1*0*2*0*1*2*0*1*0*1*1*1*1,45
26,3026.6746,0*0*0*0*0*1*2*1*0*1*0*1*2*0*1*0*1*1*1*1,50
26,3026.384,0*0*0*0*0*1*2*1*0*1*0*1*2*0*1*0*1*1*1*1,55
26,3026.1355,0*0*0*0*0*1*2*1*0*1*0*1*2*0*1*0*1*1*1*1,60
26,3025.363,0*0*0*0*0*1*2*1*0*1*0*1*2*0*1*0*1*1*1*1,65
26,3024.9102,0*0*0*0*0*1*2*1*0*1*0*1*2*0*1*0*1*1*1*1,70
26,3024.818,0*0*0*0*0*1*2*1*0*1*0*1*2*0*1*0*1*1*1*1,75
26,3024.1536,0*0*0*0*0*1*2*1*0*1*0*1*2*0*1*0*1*1*1*1,80
26,3024.117,0*0*0*0*0*1*1*1*0*1*0*1*2*0*1*0*1*1*1*1,85
26,3024.001,0*0*0*0*0*1*2*1*0*1*0*1*2*0*1*0*1*1*1*1,90
26,3023.8699,0*0*0*0*0*1*1*1*0*1*0*1*2*0*1*0*1*1*1*1,95
26,3023.8218,0*0*0*0*0*1*1*1*0*1*0*1*2*0*1*0*1*1*1*1,100
26,3023.6794,0*0*0*0*0*1*2*1*0*1*0*1*2*0*1*0*1*1*1*1,105
26,3023.567,0*0*0*0*0*1*2*1*0*1*0*1*2*0*1*0*1*1*1*1,110
26,3023.2534,0*0*0*0*0*1*2*1*0*1*0*1*2*0*1*0*1*1*1*1,115
26,3023.0037,0*0*0*0*0*1*2*1*0*1*0*1*2*0*1*0*1*1*1*1,120
26,3022.9502,0*0*0*0*0*1*2*1*0*1*0*1*2*0*1*0*1*1*1*1,125
26,3022.909,0*0*0*0*0*1*2*1*0*1*0*1*2*0*1*0*1*1*1*1,130
26,3022.8987,0*0*0*0*0*1*2*1*0*1*0*1*2*0*1*0*1*1*1*1,135
26,3022.8967,0*0*0*0*0*1*2*1*0*1*0*1*2*0*1*0*1*1*1*1,140
26,3022.8372,0*0*0*0*0*1*2*1*0*1*0*1*2*0*1*0*1*1*1*1,150
26,3022.81,0*0*0*0*0*1*2*1*0*1*0*1*2*0*1*0*1*1*1*1,160
26,3022.7458,0*0*0*0*0*1*2*1*0*1*0*1*2*0*1*0*1*1*1*1,165
26,3022.7144,0*0*0*0*0*1*2*1*0*1*0*1*2*0*1*0*1*1*1*1,170
26,3022.7136,0*0*0*0*0*1*2*1*0*1*0*1*2*0*1*0*1*1*1*1,175
26,3022.6965,0*0*0*0*0*1*2*1*0*1*0*1*2*0*1*0*1*1*1*1,180
26,3022.6335,0*0*0*0*0*1*2*1*0*1*0*1*2*0*1*0*1*1*1*1,185
26,3022.6108,0*0*0*0*0*1*2*1*0*1*0*1*2*0*1*0*1*1*1*1,190
26,3022.6008,0*0*0*0*0*1*2*1*0*1*0*1*2*0*1*0*1*1*1*1,195
26,3022.554,0*0*0*0*0*1*2*1*0*1*0*1*2*0*1*0*1*1*1*1,200
26,3022.3262,0*0*0*0*0*1*2*1*0*2*0*1*2*0*1*0*1*1*1*1,205
26,3022.2954,0*0*0*0*0*1*2*1*0*2*0*1*2*0*1*0*1*1*1*1,210
26,3022.2856,0*0*0*0*0*1*2*1*0*2*0*1*2*0*1*0*1*1*1*1,215
