30.01349902153015,132565290
35.01674032211304,132565290
40.02678894996643,132565290
45.028661251068115,132565290
50.033555030822754,132565290
55.038777351379395,132565290
60.04412078857422,132565290
65.04699087142944,132565290
70.05217266082764,132565290
75.05530667304993,132565290
80.05623269081116,132565290
85.05985856056213,132565290
90.06412291526794,132565290
95.06873893737793,132565290
100.07285284996033,132565290
105.07738995552063,132565290
110.08008909225464,132565290
115.08398413658142,132565290
120.08896255493164,132565290
125.09302997589111,132565290
130.09803438186646,132565290
135.1003987789154,132565290
140.10504460334778,132565290
145.10895323753357,132565290
150.11381316184998,132565290
155.1160967350006,132565290
160.12013363838196,132565290
165.1258749961853,132565290
170.13188767433167,132565290
175.13438868522644,132565290
180.13667392730713,132565290
185.14073753356934,132565290
190.14652466773987,132565290
195.1500153541565,132565290
200.156751871109,132565290
205.16334652900696,132565290
210.20659637451172,132227464
215.2101550102234,132227464
220.2148563861847,132227464
225.21936130523682,132227464
230.22429704666138,132227464
235.22898626327515,132227464
240.23398852348328,132227464
245.23878479003906,132227464
250.24362111091614,132227464
255.24896788597107,132227464
260.253634929657,132227464
265.2568519115448,132227464
270.26142954826355,132227464
275.26591658592224,132227464
280.2696485519409,132227464
285.27364778518677,132227464
290.2813341617584,132227464
295.2884385585785,132227464
300.29456210136414,132227464
305.2988500595093,132227464
310.3040316104889,132227464
315.30752897262573,132227464
320.3107736110687,132227464
325.3145434856415,132227464
330.3210952281952,132227464
335.32690382003784,132227464
340.32999300956726,132227464
345.33400082588196,132227464
350.34119939804077,132227464
355.3470649719238,132227464
360.35186433792114,132227464
365.3557035923004,132227464
370.36094999313354,132227464
375.3668763637543,132227464
380.3709580898285,132227464
385.37482380867004,132227464
390.3786177635193,131581416
395.38506960868835,131581416
400.38928961753845,131581416
405.3958420753479,131581416
410.4023537635803,131581416
415.40774512290955,131581416
420.41483664512634,131581416
425.42266607284546,131581416
430.42859959602356,131581416
435.43205428123474,131581416
440.4391074180603,131581416
445.44358825683594,131581416
450.44764828681946,131581416
455.4550862312317,131581416
460.45986700057983,131581416
465.46307015419006,131581416
470.4702236652374,131581416
475.47480869293213,131581416
480.48213171958923,131581416
485.4887900352478,131581416
490.4918394088745,131581416
495.4990348815918,131581416
500.5077781677246,131581416
505.5112693309784,131581416
510.5185499191284,131581416
515.5228300094604,131581416
520.5299549102783,131581416
525.5359606742859,131581416
530.5397365093231,131581416
535.5468313694,131581416
540.5522651672363,131581416
545.5557241439819,131282450
550.5600235462189,131282450
555.5646710395813,131282450
560.5718684196472,131282450
565.5758457183838,131282450
570.5830407142639,131282450
575.5890145301819,131282450
580.5921211242676,131282450
585.598993062973,131282450
590.6028168201447,131282450
595.6060676574707,131282450
600.6099944114685,131282450
605.6167016029358,131282450
610.6223621368408,131282450
615.6298642158508,131282450
620.6358234882355,131282450
625.6411352157593,131282450
630.6449778079987,131282450
635.6489732265472,131282450
640.6558964252472,131282450
645.6605713367462,131282450
650.6659796237946,131282450
655.6698195934296,131282450
660.6755478382111,130935096
665.680670261383,130935096
670.6878671646118,130935096
675.6921107769012,130935096
680.6963832378387,130935096
685.7008619308472,130935096
690.7040758132935,130935096
695.7105028629303,130935096
700.7138731479645,130935096
705.7210803031921,130935096
710.7244002819061,130935096
715.7310154438019,130935096
720.7339477539062,130935096
725.7411541938782,130935096
730.7443470954895,130935096
735.7516133785248,130935096
740.7553951740265,130935096
745.7618582248688,130935096
750.7659924030304,130935096
755.7729921340942,130935096
760.776496887207,130935096
765.7838363647461,130935096
770.7870466709137,130935096
775.7900919914246,130935096
780.7931838035583,130935096
785.8003087043762,130935096
790.804324388504,130935096
795.8109250068665,130935096
800.8141224384308,130935096
805.8180043697357,130935096
810.8215956687927,130935096
815.8279325962067,130935096
820.8308200836182,130935096
825.8378727436066,130935096
830.8409070968628,130935096
835.8477897644043,130935096
840.8505656719208,130935096
845.8581545352936,130935096
850.8616790771484,130935096
855.8688142299652,130935096
860.8725204467773,130935096
865.878292798996,130935096
870.882621049881,130935096
875.8896572589874,130935096
880.8929352760315,130935096
885.900116443634,130935096
890.9041230678558,130935096
895.9074549674988,130935096
900.9112396240234,130935096
905.9146199226379,130935096
910.9177594184875,130935096
915.9248933792114,130935096
920.9317071437836,130935096
925.9357604980469,130679384
930.9424915313721,130679384
935.9506299495697,130679384
940.9579563140869,130679384
945.9616122245789,130679384
950.9681169986725,130679384
955.9716160297394,130679384
960.974983215332,130679384
965.9818377494812,130679384
970.9882354736328,130679384
975.9953167438507,130679384
981.0019173622131,130679384
986.0088624954224,130679384
991.0158944129944,130679384
996.0228040218353,130679384
1001.0253431797028,130679384
1006.0328600406647,130679384
1011.0403220653534,130679384
1016.047525882721,130679384
1021.0506916046143,130679384
1026.0574698448181,130679384
1031.0648243427277,130679384
1036.0708255767822,130679384
1041.0779061317444,130679384
1046.0817811489105,130679384
1051.0895762443542,130679384
1056.0958135128021,130679384
1061.1031692028046,130679384
1066.1062200069427,130679384
1071.1092371940613,130679384
1076.1155800819397,130679384
1081.1219637393951,130679384
1086.127896785736,130679384
1091.1351459026337,130679384
1096.1407551765442,130679384
1101.1482338905334,130679384
1106.154836654663,130679384
1111.1619973182678,130679384
1116.1681728363037,130679384
1121.1752393245697,130679384
1126.1793177127838,130352970
1131.1863498687744,130352970
1136.192774772644,130352970
1141.1997225284576,130352970
1146.2056934833527,130352970
1151.2128200531006,130352970
1156.2177386283875,130352970
1161.2209305763245,130352970
1166.2258639335632,130352970
1171.2327165603638,130352970
1176.2387092113495,130352970
1181.2457416057587,130352970
1186.2485890388489,130352970
1191.255782365799,130352970
1196.2614960670471,130352970
1201.2640488147736,130352970
1206.2703592777252,130352970
1211.2769756317139,130352970
1216.2805395126343,130352970
1221.2874467372894,130352970
1226.2930958271027,130352970
1231.296626329422,130352970
1236.3017265796661,130352970
1241.3056001663208,130352970
1246.3084387779236,130352970
1251.3161227703094,130352970
1256.322875738144,130352970
1261.324954509735,130352970
1266.329870223999,130352970
1271.3374762535095,130352970
1276.341786146164,130352970
1281.3490386009216,130352970
1286.3533296585083,130352970
1291.360787153244,130352970
1296.3637955188751,130352970
1301.3754420280457,130352970
1306.378794670105,130352970
1311.385873556137,130352970
1316.3909938335419,130352970
1321.3977780342102,130352970
1326.4027016162872,130352970
1331.4098014831543,130352970
1336.4147419929504,130352970
1341.4217855930328,130352970
1346.4269201755524,130352970
1351.4340932369232,130352970
1356.4372754096985,130352970
1361.444766998291,130352970
1366.4484441280365,130352970
1371.4542953968048,130352970
1376.458369255066,130352970
1381.4648792743683,130352970
1386.468773841858,130352970
1391.4760999679565,130352970
1396.480810880661,130352970
1401.4877438545227,130352970
1406.4930617809296,130352970
1411.4987015724182,130352970
1416.501758813858,130352970
1421.505376815796,130145860
1426.5113489627838,130145860
1431.5178318023682,130145860
1436.5225613117218,130145860
1441.529352426529,130145860
1446.53266954422,130145860
1451.5397441387177,130145860
1456.5435917377472,130145860
1461.5499334335327,130145860
1466.55371260643,130145860
1471.5569140911102,130145860
1476.5604948997498,130145860
1481.5673599243164,130145860
1486.5706672668457,130145860
1491.5779178142548,130145860
1496.5814321041107,130145860
1501.5877645015717,130145860
1506.5918684005737,130145860
1511.5988464355469,130145860
1516.6030480861664,130145860
1521.6093587875366,130145860
1526.6127307415009,130145860
1531.620003938675,130145860
1536.6239008903503,130145860
1541.630809545517,130145860
1546.6337976455688,130145860
1551.6411020755768,130145860
1556.6445927619934,130145860
1561.6521260738373,130145860
1566.6550481319427,130145860
1571.6623749732971,130145860
1576.665654182434,130145860
1581.6689596176147,130145860
1586.6723914146423,130145860
1591.67919588089,130145860
1596.6829319000244,130145860
1601.6899445056915,130145860
1606.6938123703003,130145860
1611.7012984752655,130145860
1616.7040915489197,130145860
1621.7105758190155,130145860
1626.7136421203613,130145860
1631.7193939685822,130145860
1636.7221546173096,130145860
1641.7298362255096,130145860
1646.7330660820007,130145860
1651.7405652999878,130145860
1656.7438118457794,130145860
1661.7506155967712,130145860
1666.7551522254944,130145860
1671.7627186775208,130145860
1676.7662284374237,130145860
1681.7734854221344,130145860
1686.7768242359161,130145860
1691.7837262153625,130145860
1696.7878572940826,130145860
1701.791565656662,130145860
1706.7955832481384,130145860
1711.8027429580688,130145860
1716.8064694404602,130145860
1721.8132309913635,130145860
1726.8174958229065,130145860
1731.8243489265442,130145860
1736.8275697231293,130145860
1741.8306865692139,130145860
1746.8342597484589,130145860
1751.8373200893402,130145860
1756.8438279628754,130145860
1761.8506286144257,130145860
1766.8539171218872,130145860
1771.861655473709,130145860
1776.8687133789062,130145860
1781.8732295036316,130145860
1786.8807685375214,130145860
1791.8841054439545,130145860
1796.8914070129395,130145860
1801.8962054252625,130145860
1806.8993396759033,130145860
1811.9037368297577,129668790
1816.90882396698,129668790
1821.913272857666,129668790
1826.919370174408,129668790
1831.9258019924164,129668790
1836.9328916072845,129668790
1841.9399931430817,129668790
1846.9473345279694,129668790
1851.9537839889526,129668790
1856.9609236717224,129668790
1861.9678134918213,129668790
1866.974600315094,129668790
1871.9808795452118,129668790
1876.9878604412079,129668790
1881.9949231147766,129668790
1887.0020265579224,129668790
1892.0088002681732,129668790
1897.016077041626,129668790
1902.022391796112,129668790
1907.0289690494537,129668790
1912.0350868701935,129668790
1917.041850566864,129668790
1922.0489747524261,129668790
1927.056702375412,129668790
1932.0636882781982,129668790
1937.069107055664,129668790
1942.0729298591614,129668790
1947.0778687000275,129668790
1952.08380484581,129668790
1957.0908381938934,129668790
1962.0974400043488,129668790
1967.1037797927856,129668790
1972.1079947948456,129668790
1977.1149411201477,129668790
1982.1218132972717,129668790
1987.1288571357727,129668790
1992.1349217891693,129668790
1997.1435735225677,129668790
2002.148964881897,129668790
2007.1521446704865,129668790
2012.1552329063416,129668790
2017.1615993976593,129668790
2022.1668746471405,129668790
2027.1700131893158,129668790
2032.1763846874237,129668790
2037.182966709137,129668790
2042.1889243125916,129668790
2047.1960535049438,129668790
2052.2008805274963,129668790
2057.208105325699,129668790
2062.213636159897,129668790
2067.218927383423,129668790
2072.22376203537,129668790
2077.2307176589966,129668790
2082.236580133438,129668790
2087.2424426078796,129668790
2092.2479321956635,129668790
2097.254733324051,129668790
2102.2598371505737,129668790
2107.2668118476868,129668790
2112.2699496746063,129668790
2117.277200937271,129668790
2122.2826886177063,129668790
2127.2898287773132,129668790
2132.2951333522797,129668790
2137.3018670082092,129668790
2142.3070709705353,129668790
2147.3112473487854,129243330
2152.3165752887726,129243330
2157.3223452568054,129243330
2162.3272988796234,129243330
2167.330884695053,129243330
2172.3352227211,129243330
2177.342621088028,129243330
2182.348254919052,129243330
2187.3549313545227,129243330
2192.3586807250977,129243330
2197.3655910491943,129243330
2202.3689510822296,129243330
2207.3722689151764,129243330
2212.376822948456,129243330
2217.384007692337,129243330
2222.3877758979797,129243330
2227.3947262763977,129243330
2232.398720741272,129243330
2237.4060435295105,129243330
2242.4108486175537,129243330
2247.414238214493,129243330
2252.418745279312,129243330
2257.425966024399,129243330
2262.429358959198,129243330
2267.432811975479,129243330
2272.437757730484,129243330
2277.4447832107544,129243330
2282.4491539001465,129243330
2287.4564294815063,129243330
2292.4608521461487,129243330
2297.4679169654846,129243330
2302.472453355789,129243330
2307.479718208313,129243330
2312.4838507175446,129243330
2317.491075515747,129243330
2322.4950120449066,129243330
2327.504739046097,129243330
2332.5061061382294,129243330
2337.5132575035095,129243330
2342.5173268318176,129243330
2347.5203206539154,129243330
2352.5237839221954,129243330
2357.530269384384,129243330
2362.5334265232086,129243330
2367.5397160053253,129034690
2372.5431377887726,129034690
2377.547130346298,129034690
2382.551451444626,129034690
2387.5552637577057,129034690
2392.5588228702545,129034690
2397.5618805885315,129034690
2402.5654757022858,129034690
2407.5709676742554,129034690
2412.574460029602,129034690
2417.58229136467,129034690
2422.585815668106,129034690
2427.5929272174835,129034690
2432.596974134445,129034690
2437.6015372276306,129034690
2442.6047003269196,129034690
2447.6087296009064,129034690
2452.612316608429,129034690
2457.6184735298157,129034690
2462.6222729682922,129034690
2467.629052877426,129034690
2472.632037639618,129034690
2477.6390421390533,129034690
2482.642491579056,129034690
2487.649843931198,129034690
2492.653126001358,129034690
2497.65984249115,129034690
2502.663948535919,129034690
2507.6678998470306,129034690
2512.6715886592865,129034690
2517.674930334091,129034690
2522.67880320549,129034690
2527.6861588954926,129034690
2532.689193725586,129034690
2537.695929288864,129034690
2542.6999628543854,129034690
2547.7071096897125,129034690
2552.710688352585,129034690
2557.7179038524628,129034690
2562.721103668213,129034690
2567.7283008098602,129034690
2572.731838941574,129034690
2577.738312482834,128891816
2582.7413835525513,128891816
2587.7485888004303,128891816
2592.752277612686,128891816
2597.759753704071,128891816
2602.766778230667,128891816
2607.7745418548584,128891816
2612.78195977211,128891816
2617.7875719070435,128891816
2622.7946741580963,128891816
2627.8016169071198,128891816
2632.808735370636,128891816
2637.8128230571747,128891816
2642.816729068756,128891816
2647.824057817459,128891816
2652.8307836055756,128891816
2657.837854385376,128891816
2662.8448193073273,128891816
2667.847930431366,128891816
2672.8552594184875,128891816
2677.86182141304,128891816
2682.868087053299,128891816
2687.8756239414215,128891816
2692.880726337433,128891816
2697.8848164081573,128891816
2702.8879351615906,128891816
2707.8910343647003,128891816
2712.894151210785,128891816
2717.9008395671844,128891816
2722.9085552692413,128891816
2727.9149482250214,128891816
2732.92236495018,128891816
2737.928959131241,128891816
2742.936324596405,128891816
2747.9427406787872,128891816
2752.949696779251,128891816
2757.95658159256,128891816
2762.959879398346,128891816
2767.9671523571014,128891816
2772.973205804825,128891816
2777.9763889312744,128891816
2782.9840750694275,128891816
2787.9907369613647,128891816
2792.9977884292603,128891816
2798.0044820308685,128891816
2803.0075631141663,128891816
2808.0108110904694,128891816
2813.017678260803,128891816
2818.02148604393,128891816
2823.0246534347534,128891816
2828.03036236763,128891816
2833.0370202064514,128891816
2838.042409658432,128891816
2843.0494039058685,128657260
2848.055786371231,128657260
2853.0631053447723,128657260
2858.068827152252,128657260
2863.0756459236145,128657260
2868.0808601379395,128657260
2873.0873153209686,128657260
2878.0905470848083,128657260
2883.0978031158447,128657260
2888.10085773468,128657260
2893.1079049110413,128657260
2898.1123406887054,128657260
2903.120078086853,128657260
2908.125818490982,128657260
2913.132737159729,128657260
2918.137858390808,128657260
2923.1447331905365,128657260
2928.147873878479,128657260
2933.155193090439,128657260
2938.1602280139923,128657260
2943.167337179184,128657260
2948.1733617782593,128657260
2953.1801669597626,128657260
2958.185223340988,128657260
2963.192139863968,128657260
2968.1972703933716,128657260
2973.2037584781647,128657260
2978.2093501091003,128657260
2983.214616060257,128657260
2988.2175116539,128657260
2993.2213830947876,128657260
2998.224263191223,128657260
3003.2314896583557,128657260
3008.235510110855,128657260
3013.241425514221,128657260
3018.2462980747223,128657260
3023.2538771629333,128657260
3028.2587819099426,128657260
3033.2663884162903,128657260
3038.2708568573,128657260
3043.2777695655823,128657260
3048.2815115451813,128657260
3053.2841358184814,128657260
3058.2895646095276,128657260
3063.296778678894,128657260
3068.3015899658203,128657260
3073.3085474967957,128657260
3078.313984155655,128657260
3083.321167230606,128657260
3088.323899745941,128657260
3093.327488899231,128417540
3098.3318660259247,128417540
3103.3345720767975,128417540
3108.3395495414734,128417540
3113.34690117836,128417540
3118.350030183792,128417540
3123.353423833847,128417540
3128.357841014862,128417540
3133.3647706508636,128417540
3138.3694863319397,128417540
3143.3758766651154,128417540
3148.380355834961,128417540
3153.387887239456,128417540
3158.3918890953064,128417540
3163.39900970459,128417540
3168.402694940567,128417540
3173.409651041031,128417540
3178.413756132126,128417540
3183.416880130768,128417540
3188.420443534851,128417540
3193.423621892929,128417540
3198.4268226623535,128417540
3203.4309871196747,128417540
3208.4351449012756,128417540
3213.4418699741364,128417540
3218.445576429367,128417540
3223.4527983665466,128417540
3228.456902742386,128417540
3233.4628579616547,128417540
3238.4661099910736,128417540
3243.469167470932,128417540
3248.4727442264557,128417540
3253.476270198822,128417540
3258.479702949524,128417540
3263.4859335422516,128417540
3268.489439725876,128417540
3273.4948117733,128417540
3278.497810602188,128417540
3283.5049700737,128417540
3288.508367538452,128417540
3293.514857530594,128417540
3298.5178833007812,128417540
3303.524936437607,128417540
3308.527910232544,128417540
3313.5348851680756,128417540
3318.5378963947296,128417540
3323.547299861908,128417540
3328.5508291721344,128417540
3333.5541908740997,128417540
3338.5576729774475,128417540
3343.565463066101,128417540
3348.569144487381,128417540
3353.5758862495422,128417540
3358.5791041851044,128417540
3363.5859246253967,128417540
3368.590038537979,128417540
3373.5970661640167,128417540
3378.60053730011,128417540
3383.6067049503326,128417540
3388.610352039337,128417540
3393.6173770427704,128417540
3398.6214921474457,128417540
3403.6280002593994,128417540
3408.6310324668884,128417540
3413.6383476257324,128417540
3418.641746520996,128417540
3423.649028301239,128417540
3428.6529138088226,128417540
3433.6581089496613,128417540
3438.663128376007,128417540
3443.669819355011,128417540
3448.6767868995667,128417540
3453.6837849617004,128417540
3458.690840959549,128417540
3463.6985144615173,128417540
3468.70574760437,128417540
3473.7121708393097,128417540
3478.716460466385,128417540
3483.7233984470367,128417540
3488.730943441391,128417540
3493.7378494739532,128417540
3498.7409002780914,128417540
3503.7446842193604,128417540
3508.7523670196533,128417540
3513.7594933509827,128417540
3518.766808986664,128417540
3523.7717990875244,128417540
3528.775020122528,128417540
3533.781771659851,128417540
3538.7884316444397,128417540
3543.79585981369,128417540
3548.8029277324677,128417540
3553.8090975284576,128417540
3558.8134500980377,128417540
3563.820695400238,128417540
3568.8264379501343,128417540
3573.832457304001,128417540
3578.8384861946106,128417540
3583.845180273056,128417540
3588.8520998954773,128417540
3593.85893368721,128417540
3598.8638927936554,128417540
3603.87064743042,128417540
3608.873535633087,128417540
3613.8801045417786,128417540
3618.8832247257233,128099400
3623.8889167308807,128099400
3628.8962228298187,128099400
3633.899347305298,128099400
3638.906674146652,128099400
3643.9106295108795,128099400
3648.9180088043213,128099400
3653.923609972,128099400
3658.9309072494507,128099400
3663.9341354370117,128099400
3668.937973022461,128099400
3673.94357919693,128099400
3678.9508390426636,128099400
3683.9539206027985,128099400
3688.9610414505005,128099400
3693.966603040695,128099400
3698.974564552307,128099400
3703.9797599315643,128099400
3708.98717713356,128099400
3713.9906919002533,128099400
3718.9941716194153,128099400
3723.9998211860657,128099400
3729.0068995952606,128099400
3734.0118312835693,128099400
3739.019207715988,128099400
3744.0246987342834,128099400
3749.0320386886597,128099400
3754.037836074829,128099400
3759.0409309864044,128099400
3764.0465047359467,128099400
3769.053869009018,128099400
3774.0588555336,128099400
3779.066193342209,128099400
3784.071487426758,128099400
3789.07811832428,128099400
3794.08389043808,128099400
3799.090875148773,128099400
3804.0960941314697,128099400
3809.099589109421,128099400
3814.1051399707794,127886340
3819.112271785736,127886340
3824.117943763733,127886340
3829.1222450733185,127886340
3834.1272537708282,127886340
3839.1313683986664,127886340
3844.135768175125,127886340
3849.143077135086,127886340
3854.1462302207947,127886340
3859.1528317928314,127886340
3864.157450437546,127886340
3869.164778470993,127886340
3874.1694190502167,127886340
3879.1756479740143,127886340
3884.1805815696716,127886340
3889.188004732132,127886340
3894.192578792572,127886340
3899.199852705002,127886340
3904.2048506736755,127886340
3909.211767911911,127886340
3914.216872692108,127886340
3919.2241535186768,127886340
3924.2278912067413,127886340
3929.235119819641,127886340
3934.239542722702,127886340
3939.2461240291595,127886340
3944.250702857971,127886340
3949.2577884197235,127886340
3954.262396812439,127886340
3959.2674028873444,127886340
3964.2715067863464,127886340
3969.2781908512115,127886340
3974.2821049690247,127886340
3979.28551197052,127886340
3984.289088010788,127886340
3989.2964334487915,127886340
3994.299825668335,127886340
3999.3027305603027,127886340
4004.306842803955,127886340
4009.3135735988617,127886340
4014.316980600357,127886340
4019.323170185089,127886340
4024.327899456024,127886340
4029.3341262340546,127886340
4034.337857723236,127886340
4039.344938516617,127886340
4044.348846435547,127886340
4049.3562264442444,127886340
4054.360451698303,127886340
4059.367939710617,127886340
4064.371867418289,127886340
4069.374665260315,127886340
4074.378223657608,127886340
4079.382610797882,127886340
4084.3859708309174,127886340
4089.3929603099823,127886340
4094.3968665599823,127886340
4099.399697542191,127886340
4104.402804136276,127886340
4109.41002368927,127886340
4114.4138395786285,127886340
4119.421092033386,127886340
4124.423862457275,127886340
4129.430028676987,127886340
4134.433075428009,127886340
4139.440733671188,127886340
4144.443969964981,127886340
4149.448427438736,127886340
4154.451499223709,127886340
4159.455430269241,127886340
4164.4588396549225,127886340
4169.465888738632,127886340
4174.469205379486,127886340
4179.475970983505,127886340
4184.479920864105,127886340
4189.486955404282,127886340
4194.490072965622,127886340
4199.493717670441,127886340
4204.49750328064,127886340
4209.504704236984,127886340
4214.508055686951,127886340
4219.514249563217,127886340
4224.518013238907,127886340
4229.52490234375,127886340
4234.528783082962,127886340
4239.534272193909,127886340
4244.537616252899,127886340
4249.544795513153,127886340
4254.548396587372,127886340
4259.555660009384,127886340
4264.559643507004,127886340
4269.562154531479,127886340
4274.566303491592,127886340
4279.572907209396,127886340
4284.575998783112,127886340
4289.582699537277,127886340
4294.58917927742,127886340
4299.596121072769,127886340
4304.603395462036,127886340
4309.607782363892,127886340
4314.615062952042,127886340
4319.619609117508,127886340
4324.626750946045,127886340
4329.633712768555,127886340
4334.64108300209,127886340
4339.647898197174,127886340
4344.654968738556,127886340
4349.662054538727,127886340
4354.6687841415405,127886340
4359.675879716873,127886340
4364.683201551437,127886340
4369.688864707947,127886340
4374.696199178696,127886340
4379.702779054642,127886340
4384.70586681366,127886340
4389.712792634964,127886340
4394.720159769058,127886340
4399.7267735004425,127886340
4404.733844995499,127886340
4409.740714073181,127886340
4414.747932195663,127886340
4419.7537224292755,127886340
4424.759072542191,127886340
4429.765571594238,127886340
4434.772824048996,127886340
4439.776714086533,127886340
4444.779869794846,127886340
4449.783981323242,127649430
4454.786682844162,127649430
4459.7930996418,127649430
4464.800134420395,127649430
4469.805860519409,127649430
4474.808970928192,127649430
4479.81497836113,127649430
4484.821922302246,127649430
4489.825567722321,127649430
4494.832933664322,127649430
4499.836529493332,127649430
4504.843295574188,127649430
4509.8489985466,127649430
4514.856234788895,127649430
4519.861880064011,127649430
4524.869153022766,127649430
4529.875496149063,127649430
4534.882700920105,127649430
4539.889088869095,127649430
4544.89235830307,127649430
4549.897741556168,127649430
4554.905037879944,127649430
4559.908962249756,127649430
4564.9162356853485,127649430
4569.920225858688,127649430
4574.92418217659,127649430
4579.929874897003,127649430
4584.936950206757,127649430
4589.942403316498,127649430
4594.949799537659,127649430
4599.955476760864,127649430
4604.962826967239,127649430
4609.968342065811,127649430
4614.971545219421,127649430
4619.9758331775665,127649430
4624.980748176575,127649430
4629.985749959946,127649430
4634.992780447006,127649430
4639.995876073837,127649430
4645.0031797885895,127649430
4650.007217168808,127649430
4655.014452934265,127649430
4660.019853591919,127649430
4665.026920795441,127649430
4670.030541419983,127649430
4675.037518501282,127649430
4680.041414499283,127649430
4685.048531293869,127649430
4690.053553342819,127649430
4695.060648441315,127649430
4700.065983533859,127649430
4705.072938680649,127649430
4710.076198101044,127649430
4715.08340716362,127649430
4720.087847709656,127649430
4725.094891309738,127649430
4730.09969329834,127649430
4735.106897830963,127649430
4740.111788511276,127649430
4745.119336843491,127649430
4750.124277114868,127649430
4755.130748510361,127649430
4760.135806322098,127649430
4765.141655445099,127649430
4770.144858121872,127649430
4775.1518087387085,127649430
4780.15610408783,127649430
4785.1630346775055,127649430
4790.167736530304,127649430
4795.174836874008,127649430
4800.178954124451,127649430
4805.186722517014,127649430
4810.1914846897125,127649430
4815.194772481918,127649430
4820.198966264725,127649430
4825.204900979996,127649430
4830.207938671112,127649430
4835.2150275707245,127649430
4840.219142913818,127649430
4845.225700139999,127649430
4850.229933023453,127649430
4855.237251996994,127649430
4860.241187334061,127649430
4865.244627952576,127649430
4870.2476398944855,127649430
4875.2550575733185,127649430
4880.258317708969,127649430
4885.263382911682,127649430
4890.267683029175,127649430
4895.275006771088,127649430
4900.278298854828,127649430
4905.285531044006,127649430
4910.289554595947,127649430
4915.293063402176,127649430
4920.296861886978,127649430
4925.304081916809,127649430
4930.307811021805,127649430
4935.314878463745,127649430
4940.318169593811,127649430
4945.321719169617,127649430
4950.324866533279,127649430
4955.331943035126,127649430
4960.335109472275,127649430
4965.339000940323,127649430
4970.342848300934,127649430
4975.34997677803,127649430
4980.3533136844635,127528860
4985.35738825798,127528860
4990.360962152481,127528860
4995.364366769791,127528860
5000.368269443512,127528860
5005.371461629868,127528860
5010.374973535538,127528860
5015.381694316864,127528860
5020.385043382645,127528860
5025.391738176346,127528860
5030.395487785339,127528860
5035.402214288712,127528860
5040.40586233139,127528860
5045.409246921539,127528860
5050.413027048111,127528860
5055.420350074768,127528860
5060.423691511154,127528860
5065.430690765381,127528860
5070.434365749359,127528860
5075.439196109772,127528860
5080.442897319794,127528860
5085.45009803772,127528860
5090.453904628754,127528860
5095.460169792175,127528860
5100.46346616745,127528860
5105.4700400829315,127528860
5110.473926305771,127528860
5115.48042678833,127528860
5120.485711574554,127528860
5125.493071317673,127528860
5130.4963274002075,127528860
5135.49952173233,127528860
5140.503507852554,127528860
5145.506458997726,127528860
5150.513516902924,127528860
5155.5207426548,127528860
5160.528713226318,127528860
5165.534136533737,127528860
5170.541252374649,127528860
5175.54873919487,127528860
5180.5559203624725,127528860
5185.562992572784,127528860
5190.570019006729,127528860
5195.577819824219,127528860
5200.584836483002,127528860
5205.592044830322,127528860
5210.598796129227,127528860
5215.603175640106,127528860
5220.606338977814,127528860
5225.612914800644,127528860
5230.616320610046,127528860
5235.622770786285,127528860
5240.629767894745,127528860
5245.636036872864,127528860
5250.643754005432,127528860
5255.65092921257,127528860
5260.6543254852295,126898450
5265.658582687378,126898450
5270.665886640549,126898450
5275.67308139801,126898450
5280.677411556244,126898450
5285.684040307999,126898450
5290.691007375717,126898450
5295.697735071182,126898450
5300.705980300903,126898450
5305.712255477905,126898450
5310.718883752823,126898450
5315.722699642181,126898450
5320.72989153862,126898450
5325.7361972332,126898450
5330.743826627731,126898450
5335.749225616455,126898450
5340.753002882004,126898450
5345.757345676422,126898450
5350.760382175446,126898450
5355.763422012329,126898450
5360.766492605209,126898450
5365.77277469635,126898450
5370.780017852783,126898450
5375.785804986954,126898450
5380.791717767715,126898450
5385.796463251114,126898450
5390.7996525764465,126898450
5395.805831670761,126898450
5400.810824394226,126898450
5405.813880443573,126898450
5410.81688785553,126898450
5415.821169614792,126898450
5420.827664852142,126898450
5425.833061695099,126898450
5430.840926647186,126898450
5435.846474647522,126898450
5440.853606939316,126898450
5445.8587872982025,126898450
5450.862146854401,126898450
5455.866738796234,126898450
5460.871899604797,126898450
5465.874972581863,126898450
5470.88196349144,126898450
5475.888037443161,126898450
5480.894154787064,126898450
5485.899712562561,126898450
5490.906892776489,126898450
5495.912582159042,126898450
5500.918865203857,126898450
5505.923872470856,126898450
5510.930455207825,126898450
5515.935223340988,126898450
5520.943243980408,126898450
5525.947637796402,126898450
5530.954898357391,126898450
5535.960328102112,126898450
5540.967127323151,126898450
5545.972353219986,126898450
5550.9786875247955,126898450
5555.983913421631,126898450
5560.9909682273865,126898450
5565.995849370956,126898450
5571.003881692886,126898450
5576.006716251373,126898450
5581.014039516449,126898450
5586.018846511841,126898450
5591.02596950531,126898450
5596.030591964722,126898450
5601.037756204605,126898450
5606.042636632919,126898450
5611.045587062836,126898450
5616.049926519394,126898450
5621.056835412979,126898450
5626.0601053237915,126898450
5631.067053318024,126898450
5636.071799278259,126898450
5641.076389551163,126898450
5646.080362558365,126898450
5651.084513664246,126898450
5656.088834762573,126898450
5661.09193944931,126898450
5666.096352100372,126898450
5671.103849887848,126898450
5676.108596324921,126898450
5681.115529060364,126898450
5686.118912935257,126898450
5691.125573396683,126898450
5696.130539178848,126898450
5701.137929439545,126898450
5706.1415638923645,126898450
5711.144814968109,126898450
5716.148797750473,126898450
5721.155969142914,126898450
5726.160537242889,126898450
5731.16397690773,126898450
5736.167754650116,126898450
5741.1751935482025,126898450
5746.1793558597565,126898450
5751.182673215866,126898450
5756.1866574287415,126898450
5761.190982103348,126898450
5766.1944925785065,126898450
5771.201524019241,126898450
5776.204949855804,126898450
5781.209674119949,126898450
5786.213591814041,126898450
5791.220825910568,126898450
5796.2250118255615,126898450
5801.232228755951,126898450
5806.235967636108,126898450
5811.240917205811,126898450
5816.244837284088,126898450
5821.251704692841,126898450
5826.255549669266,126898450
5831.259889364243,126898450
5836.263058900833,126898450
5841.266260385513,126898450
5846.269912004471,126898450
5851.277046918869,126898450
5856.281144857407,126898450
5861.287996053696,126898450
5866.291244983673,126898450
5871.294610261917,126898450
5876.297879219055,126898450
5881.301821470261,126898450
5886.3054394721985,126898450
5891.312880992889,126898450
5896.316026210785,126898450
5901.322908878326,126898450
5906.326895236969,126898450
5911.334230899811,126898450
5916.3378891944885,126898450
5921.345940113068,126898450
5926.349591732025,126898450
5931.35263299942,126898450
5936.357182502747,126898450
5941.364544630051,126898450
5946.368426084518,126898450
5951.375638008118,126898450
5956.3788957595825,126898450
5961.385920286179,126898450
5966.3891978263855,126898450
5971.395585536957,126898450
5976.39884853363,126898450
5981.4064428806305,126898450
5986.409144878387,126898450
5991.416430473328,126898450
5996.420761585236,126898450
6001.423811674118,126898450
6006.431733131409,126898450
6011.439075231552,126898450
6016.446341991425,126898450
6021.454025506973,126898450
6026.459356069565,126898450
6031.466274261475,126898450
6036.473927259445,126898450
6041.480913639069,126898450
6046.487719297409,126898450
6051.494632959366,126898450
6056.5043070316315,126898450
6061.509415626526,126898450
6066.515976428986,126898450
6071.5230321884155,126898450
6076.530596494675,126898450
6081.537950754166,126898450
6086.544528961182,126898450
6091.551848888397,126898450
6096.55917596817,126898450
6101.564145565033,126898450
6106.569236278534,126898450
6111.576374292374,126898450
6116.580988407135,126898450
6121.584523200989,126898450
6126.591747045517,126898450
6131.5949857234955,126898450
6136.597989082336,126898450
6141.6048974990845,126898450
6146.608321905136,126898450
6151.6116642951965,126898450
6156.618848085403,126898450
6161.622391700745,126898450
6166.628997802734,126898450
6171.635751008987,126898450
6176.64292550087,126898450
6181.649637699127,126898450
6186.656467914581,126898450
6191.6619181633,126898450
6196.668604850769,126898450
6201.674955129623,126898450
6206.682129383087,126898450
6211.688294410706,126898450
6216.6949117183685,126898450
6221.70105099678,126898450
6226.707865476608,126898450
6231.713924407959,126898450
6236.72083735466,126898450
6241.725274801254,126898450
6246.731819868088,126898450
6251.736829280853,126898450
6256.743761062622,126898450
6261.748842716217,126898450
6266.755864858627,126898450
6271.761799573898,126898450
6276.764992952347,126898450
6281.7710750103,126898450
6286.7760717868805,126898450
6291.779237031937,126898450
6296.782519817352,126898450
6301.788253545761,126898450
6306.79601764679,126898450
6311.799678325653,126898450
6316.806849241257,126898450
6321.81180024147,126898450
6326.817342758179,126898450
6331.8219792842865,126898450
6336.829200744629,126898450
6341.8333649635315,126898450
6346.840482473373,126898450
6351.845885276794,126898450
6356.853599786758,126898450
6361.857920408249,126898450
6366.8651530742645,126898450
6371.869866371155,126898450
6376.87674498558,126898450
6381.882706165314,126898450
6386.885861158371,126898450
6391.889499902725,126898450
6396.896255493164,126898450
6401.899538516998,126898450
6406.902590513229,126898450
6411.908070325851,126898450
6416.91522359848,126898450
6421.919766187668,126898450
6426.927001237869,126898450
6431.930178403854,126898450
6436.937552213669,126898450
6441.942059516907,126898450
6446.949386358261,126898450
6451.953875541687,126898450
6456.958099126816,126898450
6461.961229801178,126898450
6466.967189788818,126898450
6471.971967697144,126898450
6476.979488134384,126898450
6481.985012769699,126898450
6486.992857694626,126898450
6491.997038602829,126898450
6497.004215955734,126898450
6502.007367134094,126898450
6507.014484882355,126898450
6512.019121646881,126898450
6517.025811672211,126898450
6522.029803037643,126898450
6527.036772727966,126898450
6532.041535377502,126898450
6537.047878026962,126898450
6542.05096912384,126898450
6547.054472446442,126898450
6552.057378292084,126898450
6557.060624361038,126898450
6562.06482052803,126898450
6567.067738056183,126898450
6572.072835445404,126898450
6577.07993721962,126898450
6582.084117650986,126898450
6587.092050790787,126898450
6592.095499753952,126898450
6597.102752685547,126898450
6602.106694459915,126898450
6607.110042095184,126898450
6612.114133358002,126898450
6617.12140417099,126898450
6622.124891757965,126898450
6627.130051612854,126898450
6632.133488178253,126898450
6637.139529943466,126898450
6642.14330124855,126898450
6647.146889209747,126898450
6652.151056289673,126898450
6657.1577842235565,126898450
6662.160925626755,126898450
6667.166087150574,126898450
6672.169308423996,126898450
6677.1759152412415,126898450
6682.179245233536,126898450
6687.186804771423,126898450
6692.190130472183,126898450
6697.193411111832,126898450
6702.197025537491,126898450
6707.203983783722,126898450
6712.2076053619385,126898450
6717.21497631073,126898450
6722.219457626343,126898450
6727.226643562317,126898450
6732.229886293411,126898450
6737.236886978149,126898450
6742.240491390228,126898450
6747.247317790985,126898450
6752.251259803772,126898450
6757.257780790329,126898450
6762.261009931564,126898450
6767.268374681473,126898450
6772.271789550781,126898450
6777.278875589371,126898450
6782.283025979996,126898450
6787.291112661362,126898450
6792.293734550476,126898450
6797.2975215911865,126898450
6802.300532341003,126898450
6807.3077437877655,126898450
6812.31138586998,126898450
6817.318747520447,126898450
6822.322005271912,126898450
6827.329105854034,126898450
6832.332235813141,126898450
6837.339344024658,126898450
6842.343109369278,126898450
6847.346494674683,126898450
6852.353000879288,126898450
6857.360110044479,126898450
6862.366925954819,126898450
6867.37388420105,126898450
6872.381414890289,126898450
6877.387810707092,126898450
6882.394692659378,126898450
6887.400819301605,126898450
6892.40793466568,126898450
6897.415314674377,126898450
6902.422058343887,126898450
6907.429727077484,126898450
6912.432734489441,126898450
6917.436991214752,126898450
6922.443831443787,126898450
6927.450228691101,126898450
6932.457526445389,126898450
6937.4650065898895,126898450
6942.4681968688965,126898450
6947.474660158157,126898450
6952.481392145157,126898450
6957.488458871841,126898450
6962.492631196976,126898450
6967.499819755554,126898450
6972.502986907959,126898450
6977.50671339035,126898450
6982.513955831528,126898450
6987.520461320877,126898450
6992.527729272842,126898450
6997.534087181091,126898450
7002.537269115448,126898450
7007.542937278748,126898450
7012.550828933716,126898450
7017.5568907260895,126898450
7022.563841581345,126898450
7027.569740056992,126898450
7032.577013492584,126898450
7037.5799334049225,126898450
7042.587081670761,126898450
7047.592805862427,126898450
7052.599753379822,126898450
7057.605262994766,126898450
7062.611991405487,126898450
7067.617774009705,126898450
7072.624981403351,126898450
7077.630346298218,126898450
7082.635341882706,126898450
7087.638860940933,126898450
7092.642091035843,126898450
7097.6468501091,126898450
7102.653212070465,126898450
7107.659436941147,126898450
7112.666706085205,126898450
7117.672782421112,126898450
7122.675849437714,126898450
7127.682084560394,126898450
7132.688754320145,126898450
7137.693991661072,126898450
7142.701689243317,126898450
7147.706904411316,126898450
7152.714150667191,126898450
7157.718848466873,126898450
7162.725919723511,126898450
7167.73069357872,126898450
7172.738024234772,126898450
7177.741084814072,126898450
7182.7449514865875,126898450
7187.747959136963,126898450
7192.752021789551,126898450
7197.7561275959015,126898450
7202.759974241257,126898450
7207.764864444733,126898450
7212.771926164627,126898450
7217.7772262096405,126898450
7222.783917188644,126898450
7227.787465572357,126898450
7232.794714212418,126898450
7237.797865152359,126898450
7242.804982662201,126898450
7247.810205698013,126898450
7252.817739248276,126898450
7257.822777509689,126898450
7262.829852819443,126898450
7267.834641695023,126898450
7272.841644048691,126898450
7277.84589266777,126898450
7282.848570585251,126898450
7287.853368997574,126898450
7292.859850406647,126898450
7297.864411354065,126898450
7302.871012926102,126898450
7307.876083612442,126898450
7312.882950544357,126898450
7317.887104511261,126898450
7322.891881465912,126898450
7327.89614200592,126898450
7332.9041657447815,126898450
7337.908343791962,126898450
7342.9155995845795,126898450
7347.919981956482,126898450
7352.922518968582,126898450
7357.926701068878,126898450
7362.933500289917,126898450
7367.937937259674,126898450
7372.9448482990265,126898450
7377.949272155762,126898450
7382.956778764725,126898450
7387.9600529670715,126898450
7392.9632563591,126898450
7397.9675369262695,126898450
7402.974525213242,126898450
7407.978568792343,126898450
7412.985933303833,126898450
7417.989024400711,126898450
7422.992801189423,126898450
7427.996597528458,126898450
7433.003525257111,126898450
7438.008066415787,126898450
7443.013008117676,126898450
7448.0164341926575,126898450
7453.023124933243,126898450
7458.027245044708,126898450
7463.031267881393,126898450
7468.034075498581,126898450
7473.041048288345,126898450
7478.044560909271,126898450
7483.04774928093,126898450
7488.051013469696,126898450
7493.057203292847,126898450
7498.060988903046,126898450
7503.065902709961,126898450
7508.069949626923,126898450
7513.07314991951,126898450
7518.076314687729,126898450
7523.083267688751,126898450
7528.086719989777,126898450
7533.093772411346,126898450
7538.096736907959,126898450
7543.104588031769,126898450
7548.108021020889,126898450
7553.114857912064,126898450
7558.118854761124,126898450
7563.123790979385,126898450
7568.12809753418,126898450
7573.135126590729,126898450
7578.138176202774,126898450
7583.145775794983,126898450
7588.1490213871,126898450
7593.155827045441,126898450
7598.160699367523,126898450
7603.167743206024,126898450
7608.170918703079,126898450
7613.179889917374,126898450
7618.183531045914,126898450
7623.189977645874,126898450
7628.1935222148895,126898450
7633.19667673111,126898450
7638.199853420258,126898450
7643.206963300705,126898450
7648.210312604904,126898450
7653.217245340347,126898450
7658.221784353256,126898450
7663.227069854736,126898450
7668.234385967255,126898450
7673.241667509079,126898450
7678.247896432877,126898450
7683.252425432205,126898450
7688.259121894836,126898450
7693.266499757767,126898450
7698.275691270828,126898450
7703.27761054039,126898450
7708.285079240799,126898450
7713.291760921478,126898450
7718.299097776413,126898450
7723.305817365646,126898450
7728.310237407684,126898450
7733.316976547241,126898450
7738.32404088974,126898450
7743.330974578857,126898450
7748.337990522385,126898450
7753.345069408417,126898450
7758.351873397827,126898450
7763.358920574188,126898450
7768.3658492565155,126898450
7773.368783712387,126898450
7778.376500368118,126898450
7783.383054018021,126898450
7788.389969825745,126898450
7793.397000074387,126898450
7798.40382027626,126898450
7803.407970190048,126898450
7808.415971517563,126898450
7813.42111158371,126898450
7818.4262681007385,126898450
7823.432916164398,126898450
7828.439889431,126898450
7833.445906162262,126898450
7838.452851772308,126898450
7843.459189891815,126898450
7848.46585392952,126898450
7853.472486495972,126898450
7858.476071357727,126898450
7863.48232793808,126898450
7868.489145994186,126898450
7873.4949362277985,126898450
7878.500791311264,126898450
7883.503990650177,126898450
7888.510608911514,126898450
7893.515845775604,126898450
7898.523180484772,126898450
7903.529693841934,126898450
7908.535950422287,126898450
7913.541616678238,126898450
7918.548873662949,126898450
7923.554616689682,126898450
7928.560186386108,126898450
7933.563202619553,126898450
7938.570406913757,126898450
7943.574499368668,126898450
7948.5808708667755,126898450
7953.586463689804,126898450
7958.593438386917,126898450
7963.59892988205,126898450
7968.60587978363,126898450
7973.61122751236,126898450
7978.6182470321655,126898450
7983.623789548874,126898450
7988.630784749985,126898450
7993.635866165161,126898450
7998.642832279205,126898450
8003.647470235825,126898450
8008.65092420578,126898450
8013.654521226883,126898450
8018.661889791489,126898450
8023.666027545929,126898450
8028.672808885574,126898450
8033.67564368248,126898450
8038.683089971542,126898450
8043.6884088516235,126898450
8048.695620059967,126898450
8053.699745178223,126898450
8058.707081794739,126898450
8063.711874008179,126898450
8068.719298839569,126898450
8073.724685430527,126898450
8078.7308621406555,126898450
8083.733986616135,126898450
8088.7407875061035,126898450
8093.746341466904,126898450
8098.752822160721,126898450
8103.757963180542,126898450
8108.761533975601,126898450
8113.764371871948,126898450
8118.7697196006775,126898450
8123.774303197861,126898450
8128.780811071396,126898450
8133.785834789276,126898450
8138.792835950851,126898450
8143.796093225479,126898450
8148.802751779556,126898450
8153.8069887161255,126898450
8158.814357757568,126898450
8163.818435668945,126898450
8168.825356721878,126898450
8173.830340385437,126898450
8178.8340010643005,126898450
8183.8388702869415,126898450
8188.846261024475,126898450
8193.850315570831,126898450
8198.857063531876,126898450
8203.860300540924,126898450
8208.867042779922,126898450
8213.870485544205,126898450
8218.877326965332,126898450
8223.880426168442,126898450
8228.887979984283,126898450
8233.89266705513,126898450
8238.899498701096,126898450
8243.905423402786,126898450
8248.911745786667,126898450
8253.916300058365,126898450
8258.91888666153,126898450
8263.92255783081,126898450
8268.928145885468,126898450
8273.932514667511,126898450
8278.939503908157,126898450
8283.943826198578,126898450
8288.950999259949,126898450
8293.955369234085,126898450
8298.962849378586,126898450
8303.966378450394,126898450
8308.973621606827,126898450
8313.97684764862,126898450
8318.985461473465,126898450
8323.988223791122,126898450
8328.991413116455,126898450
8333.994928359985,126898450
8338.998130559921,126898450
8344.001187562943,126898450
8349.008713722229,126898450
8354.012024879456,126898450
8359.015254974365,126898450
8364.018455266953,126898450
8369.023802757263,126898450
8374.027096271515,126898450
8379.03018951416,126898450
8384.033847332,126898450
8389.040122032166,126898450
8394.043807268143,126898450
8399.050949335098,126898450
8404.05377793312,126898450
8409.061023712158,126898450
8414.064501047134,126898450
8419.070865631104,126898450
8424.073756456375,126898450
8429.080859661102,126898450
8434.084719657898,126898450
8439.091860055923,126898450
8444.095636606216,126898450
8449.102790117264,126898450
8454.10633945465,126898450
8459.112983942032,126898450
8464.116422891617,126898450
8469.119664430618,126898450
8474.123621940613,126898450
8479.12733078003,126898450
8484.130571126938,126898450
8489.137658596039,126898450
8494.140701293945,126898450
8499.147815465927,126898450
8504.151728153229,126898450
8509.1579144001,126898450
8514.16104888916,126898450
8519.168824195862,126898450
8524.176059246063,126898450
8529.18367266655,126898450
8534.190595388412,126898450
8539.197687864304,126898450
8544.2016954422,126898450
8549.209021806717,126898450
8554.21627831459,126898450
8559.223474264145,126898450
8564.227926969528,126898450
8569.232117176056,126898450
8574.23948931694,126898450
8579.246336460114,126898450
8584.250089645386,126898450
8589.256846904755,126898450
8594.263355970383,126898450
8599.270526885986,126898450
8604.274219036102,126898450
8609.281682014465,126898450
8614.288399457932,126898450
8619.295620203018,126898450
8624.302645683289,126898450
8629.308410406113,126898450
8634.315586090088,126898450
8639.322135448456,126898450
8644.329452037811,126898450
8649.335875988007,126898450
8654.343019723892,126898450
8659.346343040466,126898450
8664.353962182999,126898450
8669.358638763428,126898450
8674.362945079803,126898450
8679.371444702148,126898450
8684.374928951263,126898450
8689.381130456924,126898450
8694.390550613403,126898450
8699.394795894623,126898450
8704.401859998703,126898450
8709.40724825859,126898450
8714.413812160492,126898450
8719.420412540436,126898450
8724.424407482147,126898450
8729.430171012878,126898450
8734.437044858932,126898450
8739.443123102188,126898450
8744.448615789413,126898450
8749.454878091812,126898450
8754.463737249374,126898450
8759.467901945114,126898450
8764.472511529922,126898450
8769.478957414627,126898450
8774.486169815063,126898450
8779.490981340408,126898450
8784.498331308365,126898450
8789.504251241684,126898450
8794.510654687881,126898450
8799.516802549362,126898450
8804.523451089859,126898450
8809.527394294739,126898450
8814.53385925293,126898450
8819.539613962173,126898450
8824.546554803848,126898450
8829.552005529404,126898450
8834.558785200119,126898450
8839.564231872559,126898450
8844.567726135254,126898450
8849.573911190033,126898450
8854.581223487854,126898450
8859.58639907837,126898450
8864.59355378151,126898450
8869.597643613815,126898450
8874.605197429657,126898450
8879.610867261887,126898450
8884.613973379135,126898450
8889.616972208023,126898450
8894.624261140823,126898450
8899.629108667374,126898450
8904.631998062134,126898450
8909.635679483414,126898450
8914.64296913147,126898450
8919.64601635933,126898450
8924.651860713959,126898450
8929.657374620438,126898450
8934.664485692978,126898450
8939.66807460785,126898450
8944.674970388412,126898450
8949.678015947342,126898450
8954.685051679611,126898450
8959.68978524208,126898450
8964.69322180748,126898450
8969.698876619339,126898450
8974.705822706223,126898450
8979.710544586182,126898450
8984.716741323471,126898450
8989.71974825859,126898450
8994.722982645035,126898450
8999.72727560997,126898450
9004.73226261139,126898450
9009.737070322037,126898450
9014.744318723679,126898450
9019.748846292496,126898450
9024.753707408905,126898450
9029.75863981247,126898450
9034.761797904968,126898450
9039.766194343567,126898450
9044.771576881409,126898450
9049.775984287262,126898450
9054.77922129631,126898450
9059.783453464508,126898450
9064.789936304092,126898450
9069.793862581253,126898450
9074.800423383713,126898450
9079.805058002472,126898450
9084.809380292892,126898450
9089.813744306564,126898450
9094.820762395859,126898450
9099.82471370697,126898450
9104.832067728043,126898450
9109.835307836533,126898450
9114.84215092659,126898450
9119.8458070755,126898450
9124.852478265762,126898450
9129.856238603592,126898450
9134.86386013031,126898450
9139.8677983284,126898450
9144.874958992004,126898450
9149.8783121109,126898450
9154.886005401611,126898450
9159.889444589615,126898450
9164.896103143692,126898450
9169.899383306503,126898450
9174.902564525604,126898450
9179.906598567963,126898450
9184.913876771927,126898450
9189.917082309723,126898450
9194.923754453659,126898450
9199.927298545837,126898450
9204.932019233704,126898450
9209.9358522892,126898450
9214.9427652359,126898450
9219.946614027023,126898450
9224.953874111176,126898450
9229.957260847092,126898450
9234.960444688797,126898450
9239.963989496231,126898450
9244.97085905075,126898450
9249.97395157814,126898450
9254.981209993362,126898450
9259.98519897461,126898450
9264.991829156876,126898450
9269.995777130127,126898450
9274.998977661133,126898450
9280.002516746521,126898450
9285.010022878647,126898450
9290.013863801956,126898450
9295.022015810013,126898450
9300.02601647377,126898450
9305.033386707306,126898450
9310.037383079529,126898450
9315.044906616211,126898450
9320.048794269562,126898450
9325.0523583889,126898450
9330.056925296783,126898450
9335.063819169998,126898450
9340.06748342514,126898450
9345.07558965683,126898450
9350.078958749771,126898450
9355.085662841797,126898450
9360.093192577362,126898450
9365.096445083618,126898450
9370.103102445602,126898450
9375.109810829163,126898450
9380.117295742035,126898450
9385.12461400032,126898450
9390.130833387375,126898450
9395.139784097672,126898450
9400.146086931229,126898450
9405.152871370316,126898450
9410.15998506546,126898450
9415.16679430008,126898450
9420.173954248428,126898450
9425.177775859833,126898450
9430.185053825378,126898450
9435.192079544067,126898450
9440.198389053345,126898450
9445.202163696289,126898450
9450.209776163101,126898450
9455.214782476425,126898450
9460.219960451126,126898450
9465.227538108826,126898450
9470.23485827446,126898450
9475.241878032684,126898450
9480.249009370804,126898450
9485.256308078766,126898450
9490.263377428055,126898450
9495.269739627838,126898450
9500.27679347992,126898450
9505.28066945076,126898450
9510.28705906868,126898450
9515.293649673462,126898450
9520.300936937332,126898450
9525.307626247406,126898450
9530.311023235321,126898450
9535.317514181137,126898450
9540.32490181923,126898450
9545.33087682724,126898450
9550.333837032318,126898450
9555.337803840637,126898450
9560.344997167587,126898450
9565.354764461517,126898450
9570.354516744614,126898450
9575.360818624496,126898450
9580.367911338806,126898450
9585.374060153961,126898450
9590.38114476204,126898450
9595.38455080986,126898450
9600.390996217728,126898450
9605.397035837173,126898450
9610.400107622147,126898450
9615.40686917305,126898450
9620.414463758469,126898450
9625.420117139816,126898450
9630.427567005157,126898450
9635.433426618576,126898450
9640.440639019012,126898450
9645.443822860718,126898450
9650.448616981506,126898450
9655.45491528511,126898450
9660.46290755272,126898450
9665.468598365784,126898450
9670.475154161453,126898450
9675.480748653412,126898450
9680.488141059875,126898450
9685.493662118912,126898450
9690.500894784927,126898450
9695.504397153854,126898450
9700.511840820312,126898450
9705.51497554779,126898450
9710.522327661514,126898450
9715.527195692062,126898450
9720.534710884094,126898450
9725.539466142654,126898450
9730.547176599503,126898450
9735.552363395691,126898450
9740.55694937706,126898450
9745.562019109726,126898450
9750.565759897232,126898450
9755.569615125656,126898450
9760.572834014893,126898450
9765.576843261719,126898450
9770.584133148193,126898450
9775.589389562607,126898450
9780.595688819885,126898450
9785.602526903152,126898450
9790.608635902405,126898450
9795.61252617836,126898450
9800.619177341461,126898450
9805.623110055923,126898450
9810.631025314331,126898450
9815.635793685913,126898450
9820.642953395844,126898450
9825.647897958755,126898450
9830.6550552845,126898450
9835.658798217773,126898450
9840.664573431015,126898450
9845.66887640953,126898450
9850.676231145859,126898450
9855.679870605469,126898450
9860.68285894394,126898450
9865.687849760056,126898450
9870.694904327393,126898450
9875.698554992676,126898450
9880.705857753754,126898450
9885.710221290588,126898450
9890.717457532883,126898450
9895.721878528595,126898450
9900.728967189789,126898450
9905.733851671219,126898450
9910.741015434265,126898450
9915.745457410812,126898450
9920.752668380737,126898450
9925.756494760513,126898450
9930.760232448578,126898450
9935.763795614243,126898450
9940.771012306213,126898450
9945.775178194046,126898450
9950.782561302185,126898450
9955.786774158478,126898450
9960.793958902359,126898450
9965.798505306244,126898450
9970.805444955826,126898450
9975.809031963348,126898450
9980.81287908554,126898450
9985.816013336182,126898450
9990.820474624634,126898450
9995.824175834656,126898450
10000.831057548523,126898450
10005.835190296173,126898450
10010.842314720154,126898450
10015.846487522125,126898450
10020.852432012558,126898450
10025.856863498688,126898450
10030.863819360733,126898450
10035.867401599884,126898450
10040.870563745499,126898450
10045.874541044235,126898450
10050.880915403366,126898450
10055.884167671204,126898450
10060.891306877136,126898450
10065.894154787064,126898450
10070.901495456696,126898450
10075.9045419693,126898450
10080.911405801773,126898450
10085.915313005447,126898450
10090.922085285187,126898450
10095.925658941269,126898450
10100.9330098629,126898450
10105.936709403992,126898450
10110.943616628647,126898450
10115.947172403336,126898450
10120.954065561295,126898450
10125.957416057587,126898450
10130.963995456696,126898450
10135.96761250496,126898450
10140.974799871445,126898450
10145.97800374031,126898450
10150.984894990921,126898450
10155.988851308823,126898450
10160.996081113815,126898450
10166.00039434433,126898450
10171.008058071136,126898450
10176.01153254509,126898450
10181.018243789673,126898450
10186.0221722126,126898450
10191.029511213303,126898450
10196.03194975853,126898450
10201.03890633583,126898450
10206.042808771133,126898450
10211.050016403198,126898450
10216.057421207428,126898450
10221.061463356018,126898450
10226.06895494461,126898450
10231.076180696487,126898450
10236.082873344421,126898450
10241.089826583862,126898450
10246.096838235855,126898450
10251.103722333908,126898450
10256.107378721237,126898450
10261.11107468605,126898450
10266.117978811264,126898450
10271.124769210815,126898450
10276.12780880928,126898450
10281.13518166542,126898450
10286.14007306099,126898450
10291.14704465866,126898450
10296.154601097107,126898450
10301.161225557327,126898450
10306.16737985611,126898450
10311.172382116318,126898450
10316.179754018784,126898450
10321.186966180801,126898450
10326.194056034088,126898450
10331.19988656044,126898450
10336.20716047287,126898450
10341.213104248047,126898450
10346.219623804092,126898450
10351.225863456726,126898450
10356.234051704407,126898450
10361.240143299103,126898450
10366.2437312603,126898450
10371.249926328659,126898450
10376.257209539413,126898450
10381.263846635818,126898450
10386.27105808258,126898450
10391.277504205704,126898450
10396.286033153534,126898450
10401.292886257172,126898450
10406.29777932167,126898450
10411.30366063118,126898450
10416.30917096138,126898450
10421.316419124603,126898450
10426.322325229645,126898450
10431.328469276428,126898450
10436.335819721222,126898450
10441.342663288116,126898450
10446.350078582764,126898450
10451.354818344116,126898450
10456.361075162888,126898450
10461.371896028519,126898450
10466.379107952118,126898450
10471.382236480713,126898450
10476.391729354858,126898450
10481.397113084793,126898450
10486.404910802841,126898450
10491.410170555115,126898450
10496.417497634888,126898450
10501.422948360443,126898450
10506.430062055588,126898450
10511.43597984314,126898450
10516.442991495132,126898450
10521.449112415314,126898450
10526.453533887863,126898450
10531.459278345108,126898450
10536.462477445602,126898450
10541.468252658844,126898450
10546.475001096725,126898450
10551.480726242065,126898450
10556.487884998322,126898450
10561.49272108078,126898450
10566.49984884262,126898450
10571.503810405731,126898450
10576.510900259018,126898450
10581.51765203476,126898450
10586.521520853043,126898450
10591.527269601822,126898450
10596.536432504654,126898450
10601.541041851044,126898450
10606.547835350037,126898450
10611.552795410156,126898450
10616.56020450592,126898450
10621.565572977066,126898450
10626.572524785995,126898450
10631.576714992523,126898450
10636.584148406982,126898450
10641.58931851387,126898450
10646.593361616135,126898450
10651.598799228668,126898450
10656.605872392654,126898450
10661.609825372696,126898450
10666.616912126541,126898450
10671.6218688488,126898450
10676.628833532333,126898450
10681.633811235428,126898450
10686.641387701035,126898450
10691.645673513412,126898450
10696.652897834778,126898450
10701.656528234482,126898450
10706.664017438889,126898450
10711.668532848358,126898450
10716.675832748413,126898450
10721.680800676346,126898450
10726.688130617142,126898450
10731.69316291809,126898450
10736.699046134949,126898450
10741.703597784042,126898450
10746.710901021957,126898450
10751.714748620987,126898450
10756.71924161911,126898450
10761.722459554672,126898450
10766.726536750793,126898450
10771.73021531105,126898450
10776.733480215073,126898450
10781.737833499908,126898450
10786.74487042427,126898450
10791.749497175217,126898450
10796.752964496613,126898450
10801.757209062576,126898450
10806.76433968544,126898450
10811.768329143524,126898450
10816.775619983673,126898450
10821.779927253723,126898450
10826.783061265945,126898450
10831.785997152328,126898450
10836.792666435242,126898450
10841.796551942825,126898450
10846.802859544754,126898450
10851.805935382843,126898450
10856.81279182434,126898450
10861.81603884697,126898450
10866.822753667831,126898450
10871.826483249664,126898450
10876.830255031586,126898450
10881.833744764328,126898450
10886.837393522263,126898450
10891.840701580048,126898450
10896.844408988953,126898450
10901.847836017609,126898450
10906.85552573204,126898450
10911.859156370163,126898450
10916.862406253815,126898450
10921.86612701416,126898450
10926.872762918472,126898450
10931.876041173935,126898450
10936.883211135864,126898450
10941.886366128922,126898450
10946.893894433975,126898450
10951.896998882294,126898450
10956.904391050339,126898450
10961.907374382019,126898450
10966.913848876953,126898450
10971.917667627335,126898450
10976.924881696701,126898450
10981.928702354431,126898450
10986.936033964157,126898450
10991.939347743988,126898450
10996.942452907562,126898450
11001.946195840836,126898450
11006.95021724701,126898450
11011.953779935837,126898450
11016.96056008339,126898450
11021.96453166008,126898450
11026.97076511383,126898450
11031.974077939987,126898450
11036.97733616829,126898450
11041.980399370193,126898450
11046.983951568604,126898450
11051.987052440643,126898450
11056.993821620941,126898450
11062.001014471054,126898450
11067.004170417786,126898450
11072.011487960815,126898450
11077.019540309906,126898450
11082.026636838913,126898450
11087.03082036972,126898450
11092.037737369537,126898450
11097.045699596405,126898450
11102.053023576736,126898450
11107.060183525085,126898450
11112.06456398964,126898450
11117.071191549301,126898450
11122.074215888977,126898450
11127.078481435776,126898450
11132.083879947662,126898450
11137.090344905853,126898450
11142.096855640411,126898450
11147.102948904037,126898450
11152.109983444214,126898450
11157.117446422577,126898450
11162.12474656105,126898450
11167.130819559097,126898450
11172.135627031326,126898450
11177.142114400864,126898450
11182.14943909645,126898450
11187.15266919136,126898450
11192.15986251831,126898450
11197.166411876678,126898450
11202.169970035553,126898450
11207.17653131485,126898450
11212.184418201447,126898450
11217.19104218483,126898450
11222.198379278183,126898450
11227.203156471252,126898450
11232.209954500198,126898450
11237.21695113182,126898450
11242.223853349686,126898450
11247.227162837982,126898450
11252.235215902328,126898450
11257.24133348465,126898450
11262.247782707214,126898450
11267.25086760521,126898450
11272.259776830673,126898450
11277.263417720795,126898450
11282.271258831024,126898450
11287.280611991882,126898450
11292.287927865982,126898450
11297.29430603981,126898450
11302.301872730255,126898450
11307.307868003845,126898450
11312.3151242733,126898450
11317.322617530823,126898450
11322.325590133667,126898450
11327.330048322678,126898450
11332.336837053299,126898450
11337.340015888214,126898450
11342.347211360931,126898450
11347.353593111038,126898450
11352.359851837158,126898450
11357.365658283234,126898450
11362.37285041809,126898450
11367.378116846085,126898450
11372.385313987732,126898450
11377.39081978798,126898450
11382.397865056992,126898450
11387.4038169384,126898450
11392.410197734833,126898450
11397.415795087814,126898450
11402.422927618027,126898450
11407.428360700607,126898450
11412.434883117676,126898450
11417.439958572388,126898450
11422.447075128555,126898450
11427.45281457901,126898450
11432.45989561081,126898450
11437.465337753296,126898450
11442.471779823303,126898450
11447.47706747055,126898450
11452.483835935593,126898450
11457.488837242126,126898450
11462.49193072319,126898450
11467.495098114014,126898450
11472.502337694168,126898450
11477.50770354271,126898450
11482.514921188354,126898450
11487.519011259079,126898450
11492.522609949112,126898450
11497.527998685837,126898450
11502.535210371017,126898450
11507.539859294891,126898450
11512.546910524368,126898450
11517.551995038986,126898450
11522.559186458588,126898450
11527.56371998787,126898450
11532.571029186249,126898450
11537.57556796074,126898450
11542.582629919052,126898450
11547.587531328201,126898450
11552.594891786575,126898450
11557.600064516068,126898450
11562.607672214508,126898450
11567.612241983414,126898450
11572.619841337204,126898450
11577.624798297882,126898450
11582.632041215897,126898450
11587.635147809982,126898450
11592.64234662056,126898450
11597.64544224739,126898450
11602.652674913406,126898450
11607.657082796097,126898450
11612.660472869873,126898450
11617.66505241394,126898450
11622.672384262085,126898450
11627.675950527191,126898450
11632.682953596115,126898450
11637.686805009842,126898450
11642.69383597374,126898450
11647.697946071625,126898450
11652.704487323761,126898450
11657.708132266998,126898450
11662.715185403824,126898450
11667.718885183334,126898450
11672.72587633133,126898450
11677.731054544449,126898450
11682.737685918808,126898450
11687.741689443588,126898450
11692.748907327652,126898450
11697.752767086029,126898450
11702.760244369507,126898450
11707.764616966248,126898450
11712.76803779602,126898450
11717.771250009537,126898450
11722.77887058258,126898450
11727.783097028732,126898450
11732.788036823273,126898450
11737.79187965393,126898450
11742.799062013626,126898450
11747.802150964737,126898450
11752.806897878647,126898450
11757.81056380272,126898450
11762.817834377289,126898450
11767.821868181229,126898450
11772.82932472229,126898450
11777.8333466053,126898450
11782.839998960495,126898450
11787.843223571777,126898450
11792.845874786377,126898450
11797.850064277649,126898450
11802.856961250305,126898450
11807.860234260559,126898450
11812.866697788239,126898450
11817.87009525299,126898450
11822.877390384674,126898450
11827.880455255508,126898450
11832.886842489243,126898450
11837.890059947968,126898450
11842.897649526596,126898450
11847.90225815773,126898450
11852.90878200531,126898450
11857.911761760712,126898450
11862.918181419373,126898450
11867.922377347946,126898450
11872.929972410202,126898450
11877.934086799622,126898450
11882.940774440765,126898450
11887.944207906723,126898450
11892.949572086334,126898450
11897.953444719315,126898450
11902.96096277237,126898450
11907.964150428772,126898450
11912.971539735794,126898450
11917.977974414825,126898450
11922.984798908234,126898450
11927.99190402031,126898450
11932.998934984207,126898450
11938.005346775055,126898450
11943.012993335724,126898450
11948.020697593689,126898450
11953.027520179749,126898450
11958.034348487854,126898450
11963.041412115097,126898450
11968.04542016983,126898450
11973.051717281342,126898450
11978.059427022934,126898450
11983.062994241714,126898450
11988.069478273392,126898450
11993.076934337616,126898450
11998.083873033524,126898450
12003.090795993805,126898450
12008.097734928131,126898450
12013.105306863785,126898450
12018.111459255219,126898450
12023.114636421204,126898450
12028.120503425598,126898450
12033.123747348785,126898450
12038.13063287735,126898450
12043.133934736252,126898450
12048.14077925682,126898450
12053.147592306137,126898450
12058.154962062836,126898450
12063.160807609558,126898450
12068.164748191833,126898450
12073.16773557663,126898450
12078.170863866806,126898450
12083.176875114441,126898450
12088.180747270584,126898450
12093.186980247498,126898450
12098.193904161453,126898450
12103.200261116028,126898450
12108.206992387772,126898450
12113.213671922684,126898450
12118.22131562233,126898450
12123.22760438919,126898450
12128.234877347946,126898450
12133.240362405777,126898450
12138.246172904968,126898450
12143.24944972992,126898450
12148.252638578415,126898450
12153.257712125778,126898450
12158.260633468628,126898450
12163.267110824585,126898450
12168.275002002716,126898450
12173.279926300049,126898450
12178.287322759628,126898450
12183.293170452118,126898450
12188.29972577095,126898450
12193.30581831932,126898450
12198.31359219551,126898450
12203.319054365158,126898450
12208.322590351105,126898450
12213.327210187912,126898450
12218.333484172821,126898450
12223.339745998383,126898450
12228.343635082245,126898450
12233.34843468666,126898450
12238.355952262878,126898450
12243.36103439331,126898450
12248.367849588394,126898450
12253.37357878685,126898450
12258.376939058304,126898450
12263.382268428802,126898450
12268.389902114868,126898450
12273.394757270813,126898450
12278.401659488678,126898450
12283.406948328018,126898450
12288.410899162292,126898450
12293.415737628937,126898450
12298.421143054962,126898450
12303.425203561783,126898450
12308.43310713768,126898450
12313.437829732895,126898450
12318.445097446442,126898450
12323.449942827225,126898450
12328.458025217056,126898450
12333.461071491241,126898450
12338.468151569366,126898450
12343.472456932068,126898450
12348.479096412659,126898450
12353.48241186142,126898450
12358.489804506302,126898450
12363.49399805069,126898450
12368.498458862305,126898450
12373.502567052841,126898450
12378.509906053543,126898450
12383.51489329338,126898450
12388.52203631401,126898450
12393.5267932415,126898450
12398.533830165863,126898450
12403.537861347198,126898450
12408.541025161743,126898450
12413.545821428299,126898450
12418.553156375885,126898450
12423.55763721466,126898450
12428.561519145966,126898450
12433.565999269485,126898450
12438.572712659836,126898450
12443.575973033905,126898450
12448.58307504654,126898450
12453.587299346924,126898450
12458.59398984909,126898450
12463.597630739212,126898450
12468.604823350906,126898450
12473.607953310013,126898450
12478.614873409271,126898450
12483.61888885498,126898450
12488.625757932663,126898450
12493.629959583282,126898450
12498.637219429016,126898450
12503.640872001648,126898450
12508.64782166481,126898450
12513.651867628098,126898450
12518.658328056335,126898450
12523.661863327026,126898450
12528.668939828873,126898450
12533.672806024551,126898450
12538.677747488022,126898450
12543.68120765686,126898450
12548.68468427658,126898450
12553.688531637192,126898450
12558.695749998093,126898450
12563.699270486832,126898450
12568.702575922012,126898450
12573.706381082535,126898450
12578.713029623032,126898450
12583.716440439224,126898450
12588.724311590195,126898450
12593.727132320404,126898450
12598.732118368149,126898450
12603.735459566116,126898450
12608.74257016182,126898450
12613.746552944183,126898450
12618.752890586853,126898450
12623.756974220276,126898450
12628.760348558426,126898450
12633.7630443573,126898450
12638.770499706268,126898450
12643.773866415024,126898450
12648.780820608139,126898450
12653.784389257431,126898450
12658.791766405106,126898450
12663.794532060623,126898450
12668.798799276352,126898450
12673.802213430405,126898450
12678.805268526077,126898450
12683.808380126953,126898450
12688.814198970795,126898450
12693.818209171295,126898450
12698.82149553299,126898450
12703.824985980988,126898450
12708.82926082611,126898450
12713.832884788513,126898450
12718.83968424797,126898450
12723.842836856842,126898450
12728.84989285469,126898450
12733.85317492485,126898450
12738.856406211853,126898450
12743.860526323318,126898450
12748.866889953613,126898450
12753.87019443512,126898450
12758.881802558899,126898450
12763.888930559158,126898450
12768.89599943161,126898450
12773.902872800827,126898450
12778.906359434128,126898450
12783.913656949997,126898450
12788.917975664139,126898450
12793.923151493073,126898450
12798.927951335907,126898450
12803.935907363892,126898450
12808.943115472794,126898450
12813.95008635521,126898450
12818.953241586685,126898450
12823.957349777222,126898450
12828.964953899384,126898450
12833.971780061722,126898450
12838.980641365051,126898450
12843.986772060394,126898450
12848.993989229202,126898450
12854.000742912292,126898450
12859.008528470993,126898450
12864.01516008377,126898450
12869.021910905838,126898450
12874.028473377228,126898450
12879.03253698349,126898450
12884.039734125137,126898450
12889.043429851532,126898450
12894.050823688507,126898450
12899.057960748672,126898450
12904.065394639969,126898450
12909.069184541702,126898450
12914.076626300812,126898450
12919.0821018219,126898450
12924.08884882927,126898450
12929.095972299576,126898450
12934.103004932404,126898450
12939.11954164505,126898450
12944.12688755989,126898450
12949.133358001709,126898450
12954.14069032669,126898450
12959.14638710022,126898450
12964.152880430222,126898450
12969.156258583069,126898450
12974.163337469101,126898450
12979.17012643814,126898450
12984.17736196518,126898450
12989.182978153229,126898450
12994.189997911453,126898450
12999.195755004883,126898450
13004.203080892563,126898450
13009.20923256874,126898450
13014.216600894928,126898450
13019.222422122955,126898450
13024.229922056198,126898450
13029.234856843948,126898450
13034.241663694382,126898450
13039.247775554657,126898450
13044.254822969437,126898450
13049.260072469711,126898450
13054.263209104538,126898450
13059.266445159912,126898450
13064.271839618683,126898450
13069.27647614479,126898450
13074.284845352173,126898450
13079.28933763504,126898450
13084.29246544838,126898450
13089.295174121857,126898450
13094.302163362503,126898450
13099.304902076721,126898450
13104.31149816513,126898450
13109.31720662117,126898450
13114.324152469635,126898450
13119.328942775726,126898450
13124.336430311203,126898450
13129.340888738632,126898450
13134.347790002823,126898450
13139.352506637573,126898450
13144.359657764435,126898450
13149.365328073502,126898450
13154.371987819672,126898450
13159.377119541168,126898450
13164.38421702385,126898450
13169.389265537262,126898450
13174.393182992935,126898450
13179.398638010025,126898450
13184.405905723572,126898450
13189.411391496658,126898450
13194.417960166931,126898450
13199.4228348732,126898450
13204.430753946304,126898450
13209.435914754868,126898450
13214.443346738815,126898450
13219.446209907532,126898450
13224.44983625412,126898450
13229.454789876938,126898450
13234.462116479874,126898450
13239.465745449066,126898450
13244.472763061523,126898450
13249.477077007294,126898450
13254.480111122131,126898450
13259.48379278183,126898450
13264.490981578827,126898450
13269.496136903763,126898450
13274.50372171402,126898450
13279.50824213028,126898450
13284.514915943146,126898450
13289.519081115723,126898450
13294.525842905045,126898450
13299.530375480652,126898450
13304.53431558609,126898450
13309.537805318832,126898450
13314.54502415657,126898450
13319.549161434174,126898450
13324.555957078934,126898450
13329.559804916382,126898450
13334.566997528076,126898450
13339.570042133331,126898450
13344.575939178467,126898450
13349.57978439331,126898450
13354.586814403534,126898450
13359.59030866623,126898450
13364.597419261932,126898450
13369.601912498474,126898450
13374.606798887253,126898450
13379.610766887665,126898450
13384.618100881577,126898450
13389.621834039688,126898450
13394.62860584259,126898450
13399.632979631424,126898450
13404.639127731323,126898450
13409.64268541336,126898450
13414.649821996689,126898450
13419.653766870499,126898450
13424.660782337189,126898450
13429.664630174637,126898450
13434.671624183655,126898450
13439.674576759338,126898450
13444.682142496109,126898450
13449.685537576675,126898450
13454.69264292717,126898450
13459.695874214172,126898450
13464.703008651733,126898450
13469.706183433533,126898450
13474.709208726883,126898450
13479.71275472641,126898450
13484.720043897629,126898450
13489.722981214523,126898450
13494.727019786835,126898450
13499.73070716858,126898450
13504.738033533096,126898450
13509.742047786713,126898450
13514.749033212662,126898450
13519.752944469452,126898450
13524.75995349884,126898450
13529.763240337372,126898450
13534.767652273178,126898450
13539.77081990242,126898450
13544.774047374725,126898450
13549.777446746826,126898450
13554.783928632736,126898450
13559.787445545197,126898450
13564.790416240692,126898450
13569.793547868729,126898450
13574.80082821846,126898450
13579.804741621017,126898450
13584.811913967133,126898450
13589.815951108932,126898450
13594.822888612747,126898450
13599.826531171799,126898450
13604.833416700363,126898450
13609.840142250061,126898450
13614.843943357468,126898450
13619.850734949112,126898450
13624.857756137848,126898450
13629.86197257042,126898450
13634.868990182877,126898450
13639.87222957611,126898450
13644.875407218933,126898450
13649.879476547241,126898450
13654.88665151596,126898450
13659.88976073265,126898450
13664.895890712738,126898450
13669.900261640549,126898450
13674.90347313881,126898450
13679.910834789276,126898450
13684.916739225388,126898450
13689.923230171204,126898450
13694.927740812302,126898450
13699.93534874916,126898450
13704.941502809525,126898450
13709.947752475739,126898450
13714.956027507782,126898450
13719.961586475372,126898450
13724.968819141388,126898450
13729.976179122925,126898450
13734.982328891754,126898450
13739.990120649338,126898450
13744.996684789658,126898450
13750.003367185593,126898450
13755.011448860168,126898450
13760.017711877823,126898450
13765.024248600006,126898450
13770.030796289444,126898450
13775.037238121033,126898450
13780.040947198868,126898450
13785.047414302826,126898450
13790.051019191742,126898450
13795.054671287537,126898450
13800.057663440704,126898450
13805.064054727554,126898450
13810.071419000626,126898450
13815.074615240097,126898450
13820.081846952438,126898450
13825.087222337723,126898450
13830.093691825867,126898450
13835.099985837936,126898450
13840.107277154922,126898450
13845.113000631332,126898450
13850.120213031769,126898450
13855.126760959625,126898450
13860.133722543716,126898450
13865.140057086945,126898450
13870.143628120422,126898450
13875.14966416359,126898450
13880.157102584839,126898450
13885.163179636002,126898450
13890.170143127441,126898450
13895.173773050308,126898450
13900.180599927902,126898450
13905.18643450737,126898450
13910.1936981678,126898450
13915.198814630508,126898450
13920.20594716072,126898450
13925.20969748497,126898450
13930.216938972473,126898450
13935.221990823746,126898450
13940.225356340408,126898450
13945.22857952118,126898450
13950.234803676605,126898450
13955.239669084549,126898450
13960.246757984161,126898450
13965.25211429596,126898450
13970.258765935898,126898450
13975.264037132263,126898450
13980.270977258682,126898450
13985.276555776596,126898450
13990.28080701828,126898450
13995.285875320435,126898450
14000.292823791504,126898450
14005.29787158966,126898450
14010.305040597916,126898450
14015.31024312973,126898450
14020.31340765953,126898450
14025.318389177322,126898450
14030.321235179901,126898450
14035.325976848602,126898450
14040.332932710648,126898450
14045.338524103165,126898450
14050.343024015427,126898450
14055.347796440125,126898450
14060.355006694794,126898450
14065.358000040054,126898450
14070.36556315422,126898450
14075.369977712631,126898450
14080.37733054161,126898450
14085.3820540905,126898450
14090.389325857162,126898450
14095.395349025726,126898450
14100.402155637741,126898450
14105.405817270279,126898450
14110.410109758377,126898450
14115.415232896805,126898450
14120.418276786804,126898450
14125.422265291214,126898450
14130.42769241333,126898450
14135.430355548859,126898450
14140.433500051498,126898450
14145.437681913376,126898450
14150.44508600235,126898450
14155.449048042297,126898450
14160.456440925598,126898450
14165.460077524185,126898450
14170.46726489067,126898450
14175.470874786377,126898450
14180.47879910469,126898450
14185.482335090637,126898450
14190.490203380585,126898450
14195.494118452072,126898450
14200.503125667572,126898450
14205.505719900131,126898450
14210.512929916382,126898450
14215.5161819458,126898450
14220.522951841354,126898450
14225.527093172073,126898450
14230.5405356884,126898450
14235.543915748596,126898450
14240.551478624344,126898450
14245.554984807968,126898450
14250.561832904816,126898450
14255.5660674572,126898450
14260.572784423828,126898450
14265.577593564987,126898450
14270.586082458496,126898450
14275.589492082596,126898450
14280.593220233917,126898450
14285.596956729889,126898450
14290.603423118591,126898450
14295.607255458832,126898450
14300.614839315414,126898450
14305.617749929428,126898450
14310.624850273132,126898450
14315.629717350006,126898450
14320.63280415535,126898450
14325.635913133621,126898450
14330.642681837082,126898450
14335.647155046463,126898450
14340.650534629822,126898450
14345.653797388077,126898450
14350.657769680023,126898450
14355.6635222435,126898450
14360.670778274536,126898450
14365.673929214478,126898450
14370.681024551392,126898450
14375.684226989746,126898450
14380.690831661224,126898450
14385.694505214691,126898450
14390.69993686676,126898450
14395.703079938889,126898450
14400.70665383339,126898450
14405.710623979568,126898450
14410.715745925903,126898450
14415.718943834305,126898450
14420.725548744202,126898450
14425.72960305214,126898450
14430.7369120121,126898450
14435.740737438202,126898450
14440.747802734375,126898450
14445.751603603363,126898450
14450.754648447037,126898450
14455.75779557228,126898450
14460.760948419571,126898450
14465.768010377884,126898450
14470.77300953865,126898450
14475.780312776566,126898450
14480.784657716751,126898450
14485.78903579712,126898450
14490.79556441307,126898450
14495.80262875557,126898450
14500.80993437767,126898450
14505.816772222519,126898450
14510.824436903,126898450
14515.831465959549,126898450
14520.838866472244,126898450
14525.845916032791,126898450
14530.852687120438,126898450
14535.857406616211,126898450
14540.861693382263,126898450
14545.865127563477,126898450
14550.869198083878,126898450
14555.872752189636,126898450
14560.878640413284,126898450
14565.885955810547,126898450
14570.889058113098,126898450
14575.892914295197,126898450
14580.899563789368,126898450
14585.90680027008,126898450
14590.9119348526,126898450
14595.919776916504,126898450
14600.926099777222,126898450
14605.929674863815,126898450
14610.936800956726,126898450
14615.944100618362,126898450
14620.949819803238,126898450
14625.956030130386,126898450
14630.962090969086,126898450
14635.969329595566,126898450
14640.974937915802,126898450
14645.981444597244,126898450
14650.987584352493,126898450
14655.99482178688,126898450
14661.00136256218,126898450
14666.007875204086,126898450
14671.011081457138,126898450
14676.014218330383,126898450
14681.017332792282,126898450
14686.021525382996,126898450
14691.027847766876,126898450
14696.03115272522,126898450
14701.036655902863,126898450
14706.043623447418,126898450
14711.047883987427,126898450
14716.054809808731,126898450
14721.057928085327,126898450
14726.06486749649,126898450
14731.070007324219,126898450
14736.077386379242,126898450
14741.083411693573,126898450
14746.089976072311,126898450
14751.09652709961,126898450
14756.102563619614,126898450
14761.108480215073,126898450
14766.116522550583,126898450
14771.122503042221,126898450
14776.128590583801,126898450
14781.133908510208,126898450
14786.140827417374,126898450
14791.14655995369,126898450
14796.153527021408,126898450
14801.158837795258,126898450
14806.168535470963,126898450
14811.17423081398,126898450
14816.180842876434,126898450
14821.18645644188,126898450
14826.192843675613,126898450
14831.200656175613,126898450
14836.205184459686,126898450
14841.208657979965,126898450
14846.21595287323,126898450
14851.219761371613,126898450
14856.226886034012,126898450
14861.231904745102,126898450
14866.238646030426,126898450
14871.243883132935,126898450
14876.24903678894,126898450
14881.254496574402,126898450
14886.26194024086,126898450
14891.266750335693,126898450
14896.27114367485,126898450
14901.276958227158,126898450
14906.284038305283,126898450
14911.28782916069,126898450
14916.29143357277,126898450
14921.295495986938,126898450
14926.302844047546,126898450
14931.307619094849,126898450
14936.31590795517,126898450
14941.319931268692,126898450
14946.326919794083,126898450
14951.330970287323,126898450
14956.338141679764,126898450
14961.342100858688,126898450
14966.35138130188,126898450
14971.354960680008,126898450
14976.362703323364,126898450
14981.366913318634,126898450
14986.374091148376,126898450
14991.378322124481,126898450
14996.38538980484,126898450
