run_no,best_fitness,genotype_hash,genotype,timestamp
1,2602.3096,09dc6d567b351f4b839e0b7fe708de219c7c25c33adc9835dfa3c03b5871cad9,"[ 50.083447    6.2981524 -33.864025    4.102568   71.81905    45.5282
  29.223906   13.483356   20.66206   -56.768116   46.485588  -68.76744
  69.78786   -18.77516   -45.185055   26.726313    9.414573  -58.74533
  59.003395  -41.007206 ]",0
1,2601.379,641f24a77925175d006ecd03c6dc222ffb319aa23bc0e02214ac8ee3114d0f8a,"[ 50.083447    6.2981524 -33.864025    4.102568   71.81905    45.5282
  29.223906   13.483356   17.616222  -56.768116   46.485588  -66.63957
  69.78786   -18.77516   -45.55893    25.457111    9.414573  -58.398212
  59.003395  -41.007206 ]",5
1,2600.9727,bfeead3936ee2249739a6d22d36315a507b389f48aebf2cb6e1d77880e691435,"[ 50.083447    7.492586  -33.864025    4.8647294  70.97653    45.5282
  29.223906   13.483356   17.616222  -56.768116   48.272278  -65.94175
  70.11886   -18.77516   -45.55893    25.457111    9.414573  -58.398212
  60.459557  -40.8557   ]",10
1,2600.7244,8be4e8e24a039873c2d7de8520dd07e01e36437beec540b1848fe768ecf07de9,"[ 50.083447    7.492586  -33.62162     4.8647294  70.97653    45.5282
  29.439438   13.483356   17.616222  -56.099518   48.272278  -65.94175
  71.69183   -17.625383  -45.55893    25.457111    9.465792  -57.425327
  60.459557  -40.8557   ]",15
1,2600.549,fa5d4f64806e46acf72db89b4b952d8d1570840573a1acf38764985818be0cae,"[ 49.69069     7.492586  -32.749054    4.8647294  70.97653    45.5282
  29.439438   13.483356   16.965612  -56.099518   48.272278  -65.619255
  71.69183   -17.625383  -45.55893    25.457111    9.465792  -57.425327
  59.922863  -40.8557   ]",20
1,2600.455,d43ec9ed83bb9f40e64a947608d60269cf2e093b56dd27f12912b488edca5383,"[ 49.69069     7.492586  -32.749054    4.8647294  70.97653    45.5282
  29.439438   12.821737   16.965612  -56.099518   47.873238  -65.619255
  71.69183   -17.625383  -45.55893    25.457111    9.465792  -57.425327
  59.922863  -40.8557   ]",25
1,2600.3896,29d110dc70dc0a8d25d4b5353bb5ce00b5b6bdd809fc7ccc375c96b1c186d50f,"[ 49.69069     7.492586  -32.749054    4.8647294  70.64966    45.5282
  29.439438   13.007175   16.653654  -56.099518   47.320557  -65.619255
  71.1518    -17.625383  -45.55893    25.457111    9.951738  -56.7372
  59.922863  -40.12677  ]",30
1,2600.3042,be736b120a2ca464c3c5594b97ed55a491ddcf1e85ae1064e947e0e82b62ad85,"[ 49.162292    7.492586  -32.749054    4.8647294  70.64966    45.5282
  29.439438   12.740642   16.653654  -56.099518   47.873238  -65.619255
  71.1518    -18.082077  -45.55893    25.457111    9.951738  -56.7372
  59.922863  -40.12677  ]",35
1,2600.2354,693600088c3e37e0eca26bb87ccfc26fcd77e80d0a5c1b765fd562f198e6655c,"[ 49.162292    7.492586  -32.749054    4.8647294  70.64966    44.685497
  29.439438   12.740642   16.653654  -56.52023    47.873238  -65.619255
  71.1518    -18.082077  -45.55893    26.350504    9.951738  -56.7372
  59.922863  -40.12677  ]",40
1,2600.1785,e2b553548e81befebbf2acbb275d0f4bd9e606a47569116f44da54fafbbdf797,"[ 49.162292    7.492586  -32.749054    4.8647294  70.64966    44.685497
  29.439438   12.740642   16.858747  -56.33717    47.873238  -65.31736
  71.1518    -18.082077  -45.55893    26.113718    9.951738  -57.18888
  59.922863  -40.48066  ]",45
1,2600.14,4c71d7582def8c949b9e0b6634831909cf5333a10df6b9a188980678ae7aec95,"[ 49.162292    7.492586  -32.749054    4.8647294  70.64966    44.913082
  29.439438   12.740642   16.858747  -56.33717    47.777153  -65.31736
  71.1518    -18.082077  -45.55893    26.113718    9.951738  -57.18888
  59.922863  -40.48066  ]",50
1,2600.1118,bfc08c7893ccccb6d64e82fca45cb15322d8272168ec15e988b180c32630982b,"[ 49.162292   7.492586 -32.749054   4.9353    70.64966   44.913082
  29.439438  12.740642  16.836935 -56.33717   47.777153 -65.31736
  71.1518   -18.082077 -45.55893   26.113718   9.951738 -57.18888
  60.156166 -40.31264 ]",55
1,2600.1042,385aba7a5dfd76e0e2bac3a4eb9a8218ecd267de57cf588efeada01c32070f16,"[ 49.162292   7.492586 -32.749054   4.9353    70.64966   44.913082
  29.439438  12.740642  16.836935 -56.33717   47.65761  -65.38943
  71.1518   -18.082077 -45.55893   26.113718   9.951738 -57.18888
  60.156166 -40.31264 ]",60
1,2600.0867,cca39e6e681fc862541385fa1da7303f8a76360663f5b56c0e5ea14c647df446,"[ 49.162292   7.492586 -32.749054   4.9353    70.64966   44.913082
  29.439438  12.740642  16.836935 -56.33717   47.65761  -65.38943
  71.1518   -17.957592 -45.55893   26.113718   9.770452 -57.18888
  60.156166 -40.31264 ]",65
1,2600.0774,bf0ee91cfefa7ecfe10a7b4f60e77026ce0dcd787eefa3a065519184c8619178,"[ 49.162292    7.492586  -32.749054    4.9353     70.64966    44.913082
  29.439438   12.7227545  16.836935  -56.33717    47.65761   -65.38943
  71.1518    -17.957592  -45.55893    26.011122    9.770452  -57.18888
  60.156166  -40.31264  ]",70
1,2600.0745,6214b9f4d0261ea29c986a698acb085e30a012edd46324f9e61e5227050f3000,"[ 49.162292   7.492586 -32.749054   4.9353    70.64966   44.913082
  29.439438  12.740642  16.836935 -56.33717   47.65761  -65.38943
  71.1518   -17.957592 -45.55893   26.113718   9.770452 -57.088722
  60.046875 -40.31264 ]",75
1,2600.062,7f39f228f8aa169ce13d9d5384c2e7bf981cd65d861470e64824af6f41c70bca,"[ 49.162292    7.492586  -32.749054    4.9353     70.64966    44.913082
  29.439438   12.7227545  16.836935  -56.33717    47.65761   -65.38943
  71.182274  -17.957592  -45.55893    26.011122    9.770452  -57.088722
  60.046875  -40.31264  ]",80
1,2600.055,00cb7e5f1956bfea2e3221336ef05f10f56c9b438450e92f1b284285359b5271,"[ 49.162292    7.492586  -32.749054    4.9353     70.64966    44.973278
  29.439438   12.7227545  16.836935  -56.33717    47.65761   -65.38943
  71.182274  -17.957592  -45.55893    26.011122    9.770452  -57.088722
  60.046875  -40.31264  ]",85
1,2600.0483,2ceca7821dc2841659c5f6352f70c222ad0fa630f58be6415f53659d0cec2d92,"[ 49.162292    7.492586  -32.749054    4.9353     70.64966    44.973278
  29.439438   12.7227545  16.75152   -56.33717    47.65761   -65.38943
  71.182274  -17.957592  -45.55893    26.011122    9.770452  -57.088722
  60.046875  -40.31264  ]",90
1,2600.0474,43653086f290176f7d0de216d0c3d3ebb5df59d27b2cad3263f28cfc0b597da0,"[ 49.162292    7.492586  -32.749054    4.9353     70.64966    44.973278
  29.439438   12.7227545  16.75152   -56.33717    47.65761   -65.38943
  71.182274  -17.957592  -45.55893    26.011122    9.785634  -57.088722
  60.046875  -40.31264  ]",95
1,2600.0447,2533eb6ccb129f12181db76d791bc2e5ae89bc607aed769cdf6d685f0ac86f98,"[ 49.162292    7.492586  -32.749054    4.9353     70.64966    44.973278
  29.439438   12.7227545  16.75152   -56.33717    47.65761   -65.38943
  71.182274  -17.957592  -45.495197   26.011122    9.770452  -57.088722
  60.046875  -40.31264  ]",100
1,2600.0415,0cdd92a484d0bf4245a5b50dedbb1b05cff6a451c1e3eb3d5c333a3a0e8ae405,"[ 49.162292    7.492586  -32.749054    4.9353     70.64966    44.976242
  29.439438   12.7227545  16.75152   -56.33717    47.65761   -65.38943
  71.182274  -17.957592  -45.495197   26.011122    9.785634  -57.034832
  60.046875  -40.31264  ]",105
1,2600.0383,db15bd53fc40e59e57bd8a9f4c1a8625f62142e8b77c6db4d57c2bdde6963538,"[ 49.162292   7.492586 -32.749054   4.9353    70.64966   44.976242
  29.439438  12.718865  16.75152  -56.33717   47.65761  -65.38943
  71.182274 -17.957592 -45.495197  26.011122   9.785634 -57.034832
  60.078262 -40.31264 ]",110
1,2600.0361,adf5d49f3e015a2cfdd78a3e207fd45d4536359597871723930c0bc715781f55,"[ 49.162292   7.492586 -32.749054   4.9353    70.64966   44.976242
  29.439438  12.718865  16.75152  -56.33717   47.65761  -65.43422
  71.182274 -17.957592 -45.495197  26.011122   9.785634 -57.034832
  60.078262 -40.31264 ]",115
1,2600.0344,1d641f6e93270d70c6213058232019c752b41246e41a8f400a6e4403ae23a00e,"[ 49.162292    7.492586  -32.749054    4.9691625  70.64966    44.976242
  29.439438   12.718865   16.75152   -56.33717    47.65761   -65.43422
  71.182274  -17.957592  -45.495197   26.011122    9.785634  -57.034832
  60.078262  -40.31264  ]",120
1,2600.0337,ddce1e978e5b7ca3c11b444f98a056ce3c91713d657a91d9c3ca171feab850a3,"[ 49.162292    7.492586  -32.749054    4.9691625  70.64966    44.976242
  29.439438   12.718865   16.75152   -56.346046   47.65761   -65.43422
  71.182274  -17.957592  -45.495197   26.011122    9.785634  -57.034832
  60.078262  -40.31264  ]",135
1,2600.033,35dcb95d94fe6dcc9eb1cf0ab9b1007c95b12daf16f114a42cdcd1b871dc7f75,"[ 49.162292    7.492586  -32.749054    4.9691625  70.64966    44.984665
  29.439438   12.718865   16.75152   -56.346046   47.65761   -65.43422
  71.182274  -17.957592  -45.495197   26.011122    9.785634  -57.034832
  60.078262  -40.31264  ]",140
1,2600.031,8702ee27c50cde9eaa8acfa022290e22280a45c7be593bdcbedff40f21b62382,"[ 49.162292    7.492586  -32.749054    4.9691625  70.64966    44.984665
  29.439438   12.704723   16.75152   -56.346046   47.65761   -65.43422
  71.182274  -17.957592  -45.495197   26.011122    9.785634  -57.034832
  60.078262  -40.31264  ]",145
2,2630.1475,f71edacbad84377fc8cf98b90035c8a0c3bd292bab8b77d601e79a56ce5e9264,"[ 24.956501  -12.120881  -39.785923   24.312113   83.93141    54.466587
  16.828583   -2.988289   44.79981   -62.172386   70.73456   -78.48461
  87.83505   -12.281954  -57.93047     4.1496468  12.073384  -83.89202
  38.826763  -61.35287  ]",0
2,2624.97,ecb7ff251290e43062b2ba86d80f1dbb1f7cf8f686ed972bd7bbf8625cfff26f,"[ 28.362827  -12.120881  -42.463295   21.93517    92.27089    44.89467
  18.18469     5.81424    44.79981   -60.283844   62.345     -77.38791
  89.798004  -12.974885  -57.93047     7.2377214  15.319758  -76.399475
  46.54752   -52.97641  ]",5
2,2620.503,c1298e0aa390081b79ce30a85081c9804f421375efc09b47630814100e1be0c5,"[ 32.124107  -8.891573 -42.463295  17.631865  87.835556  44.89467
  20.42275    9.041045  43.449    -58.19689   62.345    -77.38791
  86.59704  -12.974885 -57.93047   12.917369  14.878781 -76.399475
  46.54752  -55.062183]",10
2,2618.6536,3c3841c41a1000bf1262634fb8bffc73b1bf9a4897901deaa036a8065e710eaf,"[ 30.274233 -10.508487 -35.8395    18.008419  87.28042   48.4169
  22.14422   13.857938  38.519318 -61.646927  62.345    -72.032524
  85.57197  -12.912929 -55.42559   12.606641  15.319758 -76.27918
  46.54752  -53.288048]",15
2,2617.4458,61816944c9bc9edbd3e566a93e22d4ead157f19557173efd95c3d1c424f8a51e,"[ 41.04521  -10.386134 -42.28858   17.138704  79.99899   46.859833
  22.183783  10.912701  36.82683  -61.347534  58.18661  -74.874504
  81.35609  -12.974885 -50.774517  12.471622  15.319758 -74.23301
  46.54752  -52.864   ]",20
2,2617.0032,5513b64cf67a228c7c5b6ab4dc997f56e8a7fa8b372035433afd2b368c25ce04,"[ 41.04521  -10.386134 -42.28858   17.830688  79.99899   46.859833
  22.183783  11.612273  36.82683  -61.347534  57.64545  -71.85364
  85.46837  -12.974885 -50.774517  12.471622  12.697025 -74.23301
  46.54752  -52.864   ]",25
2,2616.3352,6898f96126eb7fd4ce203f81ee4d1539b550da396f4f227982a82ee3220dcbf2,"[ 41.04521   -10.386134  -42.28858    17.088993   77.625275   46.859833
  22.183783   12.5867815  36.17134   -61.347534   57.64545   -73.13871
  84.67028   -12.14222   -51.72987    12.471622   13.40829   -71.22137
  49.17403   -50.920876 ]",30
2,2614.0486,8b1596c35313936e11a5638b019089a4fe2953f9a74427db5e5bbd364f904b68,"[ 41.04521    -6.516272  -42.28858    10.154393   77.625275   47.412575
  22.183783   12.5867815  33.242435  -61.347534   57.64545   -73.13871
  84.67028   -12.14222   -52.03471    21.437332   13.40829   -69.19431
  49.17403   -50.920876 ]",35
2,2611.8447,9abbb7b4e2650e60d02abec3187cd8958c183e3123cc2ecf0c607233f41a2b70,"[ 41.04521     3.910784  -42.28858     7.824272   77.625275   47.79068
  22.183783   12.5867815  33.242435  -61.347534   56.058037  -69.87613
  79.12463   -12.14222   -52.162395   21.897738   13.40829   -69.19431
  49.17403   -49.602222 ]",40
2,2609.713,c8cbf2748b43db7c6306cd07ae1bb7bc5464cd2faa2a4c57ba02126ed22c92b8,"[ 41.04521     3.910784  -42.28858     7.824272   77.625275   47.412575
  22.183783   12.5867815  26.208967  -61.347534   56.058037  -64.34209
  79.12463   -12.14222   -52.162395   21.437332   13.683512  -64.92552
  49.17403   -49.602222 ]",45
2,2609.2427,94dd9bb1f454023e7425215b7bfeefb8a5f822ee1afca4a36bbcf9d77dd56c46,"[ 43.323605    3.910784  -39.257347    7.824272   77.625275   48.314137
  25.538006   12.5867815  26.137943  -61.347534   56.058037  -64.34209
  79.12463   -12.57842   -52.03471    21.437332   13.40829   -61.974186
  51.16881   -47.16361  ]",50
2,2608.9587,de551a0422f574e01dc4583b260fd1478e6a93cabf92b8adf0adeddb84f41e57,"[ 43.323605    6.092467  -41.76111     7.824272   75.347015   47.412575
  25.538006   12.5867815  26.792809  -61.347534   55.774113  -64.34209
  79.12463   -12.57842   -52.03471    21.1302     13.683512  -63.556362
  51.083553  -47.16361  ]",55
2,2608.5686,15da59d9836ef90af9ed8e6e654902c1a6bdd3d16874e3cb6cdc217523d6335c,"[ 47.965054    6.092467  -39.257347    7.824272   73.73267    48.314137
  26.839546   12.5867815  26.137943  -60.51805    55.880424  -64.34209
  79.12463   -12.57842   -49.249115   19.646454   13.40829   -61.974186
  51.16881   -47.16361  ]",65
2,2607.5974,fc99f52ac6f1c412c6b8b3240e292dd0a0f166f6ecf22b0db5a9e14ccc86ec61,"[ 47.965054    6.092467  -34.32722     7.824272   73.73267    48.314137
  26.839546   12.5867815  26.137943  -60.51805    53.717194  -64.34209
  79.12463   -12.57842   -44.809464   19.646454   13.40829   -63.556362
  51.16881   -41.564167 ]",70
2,2605.6682,f07225f74729f7e3eb816730d8e290305a82c78615bd8a78ef3cbebacb699076,"[ 49.12716     6.092467  -36.34769     6.23094    71.68259    47.181255
  30.022493   12.5867815  24.244698  -60.904102   49.804226  -67.51382
  71.10025   -13.403527  -46.551067   20.26642    12.833203  -60.39685
  58.228546  -41.045273 ]",75
2,2602.5427,d20a278cdc2d942a229d7c80804b537844b707115c5959ff1be84d23dbccea2c,"[ 49.12716     6.092467  -33.49353     6.23094    71.68259    47.181255
  30.022493   12.5867815  18.641357  -59.37587    50.72844   -66.22608
  71.10025   -17.748434  -46.4278     26.372423   11.339489  -60.39685
  59.7588    -41.045273 ]",80
2,2600.8792,3af4246fe2f3972720465f27ec77432192d1b131318f992e2a40a973d174329d,"[ 49.12716     7.314178  -32.562607    4.0868793  71.68259    45.668613
  29.093708   13.098621   17.822897  -56.396816   46.919212  -65.614
  71.10025   -16.925207  -45.26179    25.919514   10.230945  -57.539776
  61.14102   -40.825752 ]",85
2,2600.6157,91d04e7e76aefb0c3049e50682107ccd242c7c9c82295e0ce910d058e9992caf,"[ 49.12716     7.314178  -32.954212    4.9916534  70.50219    45.444748
  29.138195   12.5867815  17.822897  -56.396816   46.958515  -65.614
  71.10025   -18.948097  -45.552742   25.919514   10.230945  -57.338257
  59.813652  -40.825752 ]",90
2,2600.504,ff81a7263df9112f2f6a32b757b7674982b21cfd79729d498b6d43b55ef24d44,"[ 49.12716     7.314178  -32.954212    4.9916534  70.50219    45.444748
  29.428904   12.5867815  17.822897  -56.396816   46.958515  -65.614
  71.10025   -18.010036  -45.552742   25.919514   10.230945  -56.997025
  59.813652  -40.825752 ]",95
2,2600.3872,eea45bac152280621f68df7f586d6ee4d9a79abf191ae65f64fde641c5a91af3,"[ 49.12716     7.314178  -32.954212    4.9916534  70.50219    45.444748
  29.380148   12.5867815  15.961899  -56.396816   47.454994  -65.614
  71.10025   -18.010036  -45.552742   25.919514   10.230945  -56.936924
  59.813652  -40.758427 ]",100
2,2600.334,99a66d1e8034e42854f2bd0a06842abd7bda0de486fbf4e90eccc48e167e8965,"[ 49.12716     7.314178  -32.954212    4.9916534  70.54322    45.444748
  29.380148   12.5867815  16.829494  -56.396816   47.229073  -65.614
  71.208115  -17.73627   -45.552742   25.919514   10.230945  -56.936924
  59.813652  -40.825752 ]",105
2,2600.1772,3e50e0adab160fe01b529e8fc40dc29a5a53118c442740443f233ff6b04b8f5d,"[ 49.12716     7.314178  -32.954212    4.9916534  70.54322    45.030342
  29.380148   12.5867815  16.829494  -56.396816   47.454994  -65.614
  71.208115  -18.010036  -45.552742   25.919514    9.655886  -56.985325
  59.813652  -40.474586 ]",110
2,2600.1655,d0c27baa02b3f00cd8bae74bcb01df46eb95dffd033f61bfdd26d0efee191f50,"[ 49.12716     7.485419  -32.954212    4.9916534  70.54322    45.030342
  29.380148   12.5867815  16.829494  -56.396816   47.454994  -65.50643
  71.208115  -18.010036  -45.552742   25.919514    9.655886  -56.985325
  59.813652  -40.474586 ]",115
2,2600.1265,4c8c56010038d7ae528aa977412126f01ccac03661b17a497c9dfdff938e0eb0,"[ 49.12716     7.485419  -32.954212    4.9916534  70.54322    45.030342
  29.380148   12.5867815  16.829494  -56.396816   47.59312   -65.50643
  71.208115  -18.010036  -45.552742   25.919514    9.655886  -56.985325
  59.98692   -40.474586 ]",120
2,2600.1167,e79b9d498b68f23c1bc0330220ffc630d4fbb61be8a765b6b375339c155a2a6d,"[ 49.12716     7.485419  -32.954212    4.9916534  70.54322    45.030342
  29.380148   12.5867815  16.829494  -56.396816   47.692017  -65.408035
  71.208115  -18.010036  -45.552742   25.985353    9.655886  -57.08404
  59.98692   -40.474586 ]",125
2,2600.096,3985fb18bf8e5e8f1ea3ea681e2b11cad81dd5e73a26445f379dfb7882b1d3aa,"[ 49.12716     7.485419  -32.78097     4.9916534  70.54322    45.030342
  29.380148   12.5867815  16.829494  -56.386562   47.692017  -65.408035
  71.208115  -18.010036  -45.552742   25.919514    9.655886  -56.985325
  59.98692   -40.192497 ]",130
2,2600.09,a78f19e5659acf47ebaad4fbb15f6b330bea114584c49e712933d9bc3ce0373b,"[ 49.12716     7.485419  -32.78097     4.9916534  70.630066   45.030342
  29.380148   12.5867815  16.829494  -56.396816   47.689938  -65.408035
  71.208115  -18.010036  -45.552742   25.919514    9.655886  -57.09551
  60.002182  -40.192497 ]",135
2,2600.082,f58d4f088734b693ad83ce46df217d87dcce196febcc60fd6a367df37fe57265,"[ 49.12716     7.485419  -32.78097     4.9916534  70.630066   45.030342
  29.380148   12.5867815  16.829494  -56.386562   47.692017  -65.408035
  71.208115  -18.010036  -45.552742   25.985353    9.655886  -56.985325
  59.98692   -40.29834  ]",140
2,2600.0737,df6b745e5207d94b2ef1029ad50e280e324adf943df531b834d601f122174cb0,"[ 49.12716     7.485419  -32.78097     4.9916534  70.630066   45.030342
  29.380148   12.5867815  16.829494  -56.386562   47.692017  -65.408035
  71.208115  -18.010036  -45.552742   25.985353    9.655886  -57.08404
  60.06141   -40.29834  ]",145
2,2600.058,d176801754823cf4698a4c876f8dec8456011f266cb7e79a346cd0ead5f02b9b,"[ 49.12716     7.485419  -32.78097     4.9916534  70.630066   45.030342
  29.380148   12.5867815  16.829494  -56.386562   47.692017  -65.408035
  71.208115  -18.010036  -45.552742   25.985353    9.79585   -56.985325
  60.06141   -40.29834  ]",150
3,2792.7415,3a420e84d55045e0b54712a8f6300794623ebec432f16c619f6cc53d67afdc5b,"[ 62.62931    -40.501865   -70.15813     26.11451     86.05892
  63.47018     12.488017     9.4476385   47.960293   -28.908575
  79.623825   -34.49432     50.293518    29.497753   -65.24693
  -0.11084232  -2.6848602  -77.71324      8.741264   -96.82605   ]",0
3,2626.1294,ad10c063c725f40e3d6b541b13b83980be432066cde47c155ffc21ed49e77803,"[ 37.393826    -1.5415812  -54.783726     0.96942717  89.53435
  45.945538    22.635303     8.225488    44.542683   -70.56615
  56.61219    -81.79543     80.0363     -13.504353   -53.359097
   9.604135    15.8331375  -66.159584    40.443745   -58.258575  ]",5
3,2618.5286,48b814da62e2e5ca41e9aabd4065a3922d43ec0b10bc7f67182fc00cc9e87189,"[ 37.12168    -7.689757  -52.50555    10.046935   89.53435    45.945538
  26.2987     12.362887   41.311733  -60.403328   57.557827  -73.61736
  80.0363    -11.139907  -52.98446     7.9088216  13.714572  -71.77476
  42.348873  -59.29756  ]",10
3,2611.5166,4ccaf1816e532175d3e69a7621d8f393c063a52179e9f0ec874be1d9992746f8,"[ 40.750298    1.6613276 -41.354523    7.3455405  77.54402    45.70256
  23.99602     9.714264   32.590214  -55.76772    50.676403  -66.475
  82.968956  -16.024836  -51.31668    19.048277   10.201586  -64.796234
  51.52241   -51.23525  ]",15
3,2608.075,836877277c20e4904c4367be7dbd6ac17128468d6c1bcfd963adbbb1000a950a,"[ 46.34987     5.9546213 -41.354523    7.3455405  73.173515   45.70256
  24.118696   14.939065   24.061338  -55.76772    49.865067  -66.475
  76.96422   -17.69976   -51.31668    19.048277   10.201586  -64.796234
  51.52241   -46.744553 ]",20
3,2606.9563,3d0cb7f74a60106176d5e0a7d0e33611f23c627cf703d69408c672a06899d5a0,"[ 46.34987     5.9546213 -40.570236    7.3455405  76.07352    45.70256
  24.694487   14.939065   24.001019  -56.84377    49.113186  -66.475
  71.2648    -17.69976   -51.31668    19.048277   10.201586  -64.69524
  57.145325  -46.744553 ]",25
3,2604.478,9081eb412094dd7e47e49f42b0527d07c449283c60123fa7155b917c6bca4265,"[ 50.474823    5.9546213 -32.97625     7.3455405  70.95355    45.70256
  25.825228   13.040058   19.403448  -56.84377    48.129414  -70.65718
  71.2648    -17.744434  -51.31668    26.345987   10.201586  -61.619514
  57.145325  -40.8907   ]",30
3,2601.5537,c27499889cd39f308634fce23694898c9d59bcd1c6af1e6f06169f73d0c37a90,"[ 50.474823    5.9546213 -32.97625     5.3082867  70.95355    45.70256
  28.159822   13.040058   17.465714  -56.06486    48.129414  -66.65636
  71.2648    -17.744434  -45.760723   26.345987   10.201586  -58.92874
  57.145325  -40.8907   ]",35
3,2600.9912,d0926ee8eb560f30d30ce29118dbcfa7e96c5ce5d821e34782ff5d075fafbf46,"[ 50.474823    5.9546213 -32.97625     5.3082867  70.95355    45.095036
  28.159822   13.040058   17.465714  -56.06486    48.129414  -65.09397
  71.07932   -17.744434  -45.760723   26.345987   10.201586  -57.54557
  58.849632  -40.8907   ]",40
3,2600.7812,5f59604e9c646f0ef2a0c46abeab45be50e24848ff2ee00e2f733a9faf135b1c,"[ 50.371315    5.9546213 -32.97625     5.3082867  70.5847     45.095036
  29.54832    13.040058   17.465714  -56.06486    48.129414  -65.09397
  71.2648    -17.744434  -45.760723   26.345987   10.201586  -57.54557
  59.41505   -40.170345 ]",45
3,2600.643,853bbc5e04a2db6f5c7a2cd8fd4ee6565b0019a62ed63dd5888b47ccfccb2446,"[ 49.17762     5.9546213 -32.97625     5.3082867  70.5847     45.095036
  29.54832    12.468096   17.15693   -56.06486    48.129414  -65.09397
  71.2648    -17.744434  -45.760723   26.30707    10.201586  -57.54557
  59.41505   -40.170345 ]",50
3,2600.4053,c848d6cd80dd552c38c98812e1b5c555aac7b1846c7189a385f643d6c1cc85ff,"[ 49.17762     7.373188  -32.97625     5.3082867  70.5847     45.095036
  29.54832    12.468096   17.15693   -56.06486    48.129414  -65.09397
  71.2648    -17.744434  -45.284492   26.30707    10.201586  -56.867428
  59.41505   -40.170345 ]",55
3,2600.3433,c3c594e172fc9754db7069f64a90a0ca3442c210ac643184f951c8a18bbff4d5,"[ 49.17762     7.373188  -32.97625     5.3082867  70.5847     45.095036
  29.54832    12.795788   17.15693   -56.281113   48.129414  -65.09397
  71.2648    -17.744434  -45.284492   26.30707    10.201586  -56.867428
  60.43757   -40.170345 ]",60
3,2600.2998,89188fdf705f32ab02e132141f090d4861a3636a1f1dc92be2ed2dd5935c7ba2,"[ 49.17762     7.373188  -32.97625     5.3082867  70.5847     45.095036
  29.54832    12.577917   16.79549   -56.06486    48.06101   -65.09397
  71.2648    -17.744434  -45.284492   26.30707     9.914712  -56.867428
  60.43757   -40.170345 ]",65
3,2600.2695,a54568265140adb3aa42784c523e7705c70629800858baaafb6b0f3b4de1b0d0,"[ 49.17762     7.373188  -32.97625     5.3082867  70.5847     45.095036
  29.54832    12.795788   16.628222  -56.281113   48.06101   -65.09397
  71.2648    -17.744434  -45.284492   26.30707     9.914712  -56.867428
  59.974487  -40.388115 ]",70
3,2600.2407,1a86af3169aedf04e08cf10a9dcae00cbc7b609a6183283e629635851f0bf54e,"[ 49.17762     7.4222407 -32.97625     4.924096   70.5847     45.095036
  29.54832    12.577917   16.79549   -56.469574   48.06101   -65.09397
  71.2648    -17.744434  -45.284492   26.30707     9.914712  -56.867428
  60.03433   -40.388115 ]",75
3,2600.1877,8b585e6604b968ca68c5496180a91b9fcae592aad426717ccc910978851c29b9,"[ 49.17762     7.4222407 -32.790924    4.924096   70.5847     45.095036
  29.54832    12.577917   16.79549   -56.281113   47.47942   -65.28794
  71.2648    -17.744434  -45.284492   26.30707     9.914712  -56.867428
  60.03433   -40.388115 ]",80
3,2600.147,109fcaa6a8d2894cfb5cb9e4290f65512835f8c58fb2e2ecd668c0c30dc7393d,"[ 49.17762     7.4222407 -32.790924    4.924096   70.5847     45.095036
  29.54832    12.577917   16.769396  -56.344456   47.47942   -65.28794
  71.2648    -17.843576  -45.284492   26.016579    9.914712  -56.867428
  60.03433   -40.388115 ]",85
3,2600.1328,6c368a4f88c4605b30c4e7c5b52c5eccf970ba7b8315b76479ce3be80686e9e0,"[ 49.17762     7.4222407 -32.790924    4.924096   70.5847     45.095036
  29.54832    12.577917   16.769396  -56.344456   47.779552  -65.28794
  71.2648    -17.843576  -45.284492   26.016579    9.914712  -56.867428
  60.03433   -40.388115 ]",90
3,2600.125,0f0d7f61409c78c661e6e25dabae5f4ac26d7154137e671bd9fa34a1b52a2147,"[ 49.17762     7.4222407 -32.790924    4.924096   70.5847     45.095036
  29.54832    12.577917   16.769396  -56.344456   47.779552  -65.28794
  71.2648    -17.992088  -45.284492   26.016579    9.914712  -56.867428
  60.03433   -40.29548  ]",95
3,2600.115,efce645404f568cb0644cd6e1fbfb0083a1fa3a960ec6918ea0da260f1c93191,"[ 49.17762     7.4222407 -32.790924    4.924096   70.5847     45.095036
  29.54832    12.577917   16.769396  -56.344456   47.677185  -65.28794
  71.2648    -17.992088  -45.284492   26.016579    9.914712  -56.92519
  60.03433   -40.29548  ]",100
3,2600.0981,06bd1d270a406838fb7bd63a8692030f27e39a5d4d58c098366efeb17a4a95c8,"[ 49.17762     7.4222407 -32.790924    4.924096   70.5847     45.095036
  29.441727   12.577917   16.769396  -56.344456   47.779552  -65.28794
  71.2648    -17.992088  -45.418636   26.016579    9.914712  -56.92519
  60.03433   -40.388115 ]",105
3,2600.0818,2673a3e6e217c6e9bfee2905142aa170b2c2c1e8b19080c5513e78e438ee11dc,"[ 49.17762     7.4378166 -32.790924    4.924096   70.64392    45.095036
  29.441727   12.577917   16.769396  -56.344456   47.677185  -65.51263
  71.2648    -17.992088  -45.418636   26.016579    9.914712  -56.92519
  60.03433   -40.29548  ]",110
3,2600.0732,8f386d021c89be9f37ed6a2868e32a9111c8277cb2cf77f5f0d88385ac6e3bff,"[ 49.17762     7.4378166 -32.790924    4.924096   70.64392    44.985893
  29.441727   12.652153   16.769396  -56.344456   47.677185  -65.51263
  71.2648    -17.992088  -45.418636   26.016579    9.914712  -56.92519
  60.03433   -40.29548  ]",115
3,2600.0625,507ca2080fadb308f292d77c4ba5a2d99f2178637149b08d7f32f0fa53262699,"[ 49.17762     7.4378166 -32.790924    4.924096   70.64392    44.985893
  29.441727   12.652153   16.769396  -56.344456   47.677185  -65.51263
  71.133995  -17.992088  -45.567905   26.016579    9.914712  -56.99091
  60.03433   -40.29548  ]",120
3,2600.0579,760a9b2270f4dbc087e4872ffef47eddd27b8e4735d1f90d4f062410f47665c0,"[ 49.17762     7.4378166 -32.790924    4.924096   70.64392    44.985893
  29.441727   12.652153   16.769396  -56.344456   47.677185  -65.43069
  71.2648    -17.992088  -45.567905   26.016579    9.914712  -56.99091
  60.03433   -40.29548  ]",125
3,2600.0542,bddc5dd1ed771b30547f2ebdf8f8da50a2db6229a819f081dd5a342f5389df5c,"[ 49.17762     7.4378166 -32.790924    4.924096   70.64392    44.985893
  29.441727   12.652153   16.769396  -56.344456   47.677185  -65.43069
  71.22374   -17.992088  -45.567905   26.016579    9.914712  -56.99091
  60.03433   -40.29548  ]",130
3,2600.0525,6011f731deebd0f9e54f2099a318950498a5d6c8e35363c13b218bc7f382289d,"[ 49.17762     7.4378166 -32.790924    4.924096   70.64392    44.985893
  29.441727   12.652153   16.769396  -56.344456   47.677185  -65.43069
  71.22374   -17.992088  -45.567905   26.016579    9.914712  -56.99091
  60.137146  -40.29548  ]",135
3,2600.0518,09ce0f60bb4fb69102df7c743e0bd778221e6c0e5e80793ff31170fabf09d023,"[ 49.17762     7.4378166 -32.790924    4.924096   70.64392    44.985893
  29.441727   12.652153   16.769396  -56.344456   47.677185  -65.43069
  71.2007    -17.992088  -45.567905   26.016579    9.914712  -56.99091
  60.137146  -40.29548  ]",140
3,2600.0515,7dbd3e6a3d5a98a075e1e3efd814375280929bfc7d64dc86b85bae8eb2b77a2f,"[ 49.17762     7.4378166 -32.790924    4.924096   70.64392    44.985893
  29.441727   12.652153   16.769396  -56.344456   47.677185  -65.43069
  71.2007    -17.992088  -45.567905   26.016579    9.914712  -56.99452
  60.137146  -40.29548  ]",145
3,2600.0405,853874b44df01f4cb79fa0b7e22c23074d0fa92f110e779b7b68c4527a13f264,"[ 49.17762     7.4378166 -32.790924    4.924096   70.64392    44.985893
  29.441727   12.652153   16.769396  -56.344456   47.677185  -65.43069
  71.2007    -17.992088  -45.567905   26.016579    9.834918  -56.99091
  60.137146  -40.29548  ]",150
4,2630.0215,2e6ce6519df9d9fb39d85e4886e16cba23a413dfdce38d1a76664fb1371fd8a6,"[ 77.03951     5.36899   -56.847862   21.943146   85.60877    53.119286
  30.2048     30.608864   34.06739   -45.28039    78.217705  -59.629055
  93.73697   -36.752804  -57.157257   20.992735    7.6581903 -72.93057
  68.84596   -59.410103 ]",0
4,2620.109,62dea96c4e6690658ab01358f5c9bbfbcae9ce5a78c24ed97002c559d4df1421,"[ 60.884224    -3.9006424  -47.400616     4.8941536   85.66992
  50.238693    27.82847     15.100815    31.725403   -53.403423
  60.568573   -68.50933     82.25549     -0.14075886 -57.879574
  20.419262    21.14633    -66.00874     59.386158   -53.224247  ]",5
4,2609.5657,a5d63c20272f8607137702a138b31c1a6ea821d90bc1bd21d8e2b1409d4ac580,"[ 46.77329     5.136568  -36.635292    4.7557745  70.42685    46.638508
  28.52967    14.828039   23.047606  -57.23634    53.433685  -64.61921
  78.61883    -7.491173  -47.184265   20.419262   20.099092  -63.76256
  52.82306   -43.13164  ]",10
4,2604.4924,fd79580e9b3ca63c14f675a15a4bacccdec8f82219433bec0fdf5863ad092a78,"[ 48.932915   9.115349 -35.00289    5.400755  70.42685   45.42833
  29.183525  14.828039  23.047606 -58.21823   50.20087  -64.61921
  76.27933  -21.3758   -47.184265  24.296545  12.596836 -56.717556
  58.721916 -41.76977 ]",15
4,2602.2156,fdccf33f007a0e8b5089f0e08f9d9b170099f4a7764f5ee46c11bdb04ca5a442,"[ 48.932915   9.115349 -35.00289    5.400755  70.833145  45.42833
  29.392962  14.828039  16.808002 -57.418293  47.39043  -65.05743
  68.20242  -17.989624 -47.184265  25.440437  12.596836 -56.717556
  59.83506  -41.76977 ]",20
4,2601.4626,b368965d89914ec98357e152616ac44df32b6cacfd0d69c8f76ec4f8a43b3bd8,"[ 49.41527    7.639519 -35.00289    5.400755  70.42685   45.42833
  29.183525  13.277809  16.428682 -55.37307   48.440056 -64.7728
  70.760445 -17.89862  -45.241405  25.821993  12.596836 -56.717556
  58.721916 -40.67861 ]",25
4,2601.0125,2510f224c7b76850d3c77da03af6ad5cdccf95665e6ad7ba0aac5544a3820d56,"[ 49.41527    7.639519 -35.00289    5.400755  70.42685   45.42833
  29.183525  13.208795  16.52427  -55.37307   48.440056 -64.7728
  70.760445 -17.89862  -45.241405  25.821993  10.277109 -56.717556
  61.160503 -40.67861 ]",30
4,2600.4104,2b2da0baad611441d23a741fa8d549a5f6be8ec822e739a48cecf2a844c072e5,"[ 49.179512    6.9736    -33.29637     5.400755   70.833145   45.42833
  29.392962   13.208795   16.808002  -56.26525    47.588615  -65.36707
  71.11195   -17.989624  -45.373753   25.821993    9.5140085 -56.717556
  59.83506   -40.67861  ]",35
4,2600.3735,35c1ac28dea7a7b5afc4ab42c7f03b1b4520112a4fa3f6bd41a6e4cecfe6dfbd,"[ 49.179512    6.9736    -33.29637     5.400755   70.833145   45.42833
  29.392962   12.559111   16.808002  -56.26525    47.588615  -65.36707
  71.11195   -17.989624  -45.373753   25.821993    9.5140085 -56.717556
  59.83506   -40.67861  ]",40
4,2600.3203,75837923a5d5dcd6586fb833efb5687974e804f62bdbc8a41ee23a565d50a8c7,"[ 49.179512   7.545334 -33.29637    5.400755  70.833145  45.42833
  29.392962  12.559111  16.808002 -56.26525   47.588615 -65.418976
  71.11195  -17.989624 -45.373753  25.821993   9.768985 -57.25754
  59.83506  -40.67861 ]",45
4,2600.2874,6e648d828d223591c7ed9c71db5b0eb4e6dd4a745a2d49a1563a72b14afeefc4,"[ 49.179512    6.9736    -32.961433    4.9398017  70.833145   44.835842
  29.392962   12.599905   16.808002  -56.26525    47.588615  -65.36707
  71.11195   -17.989624  -45.373753   25.821993    9.5140085 -56.717556
  59.83506   -40.67861  ]",50
4,2600.1873,844d10a4c0c0dfc47fe3a6978c780215f8b2f87bd1c3e18315798eb477603f7e,"[ 49.179512    7.545334  -32.961433    4.9398017  70.833145   44.835842
  29.392962   12.599905   16.808002  -56.26525    47.588615  -65.418976
  71.11195   -17.989624  -45.373753   25.821993    9.768985  -57.25754
  59.83506   -40.471466 ]",55
4,2600.1619,82986e6cb3c571536d8bb1d3e8f46fba4b48661dbe968086fda683407501ada8,"[ 49.179512    7.545334  -32.961433    4.9398017  70.833145   44.835842
  29.392962   12.599905   16.808002  -56.26525    47.588615  -65.36707
  71.11195   -17.989624  -45.373753   25.821993    9.768985  -57.25754
  60.08038   -40.25549  ]",60
4,2600.126,f0cc2b5a7c4db6c6378e69e7f061ddfeb195430399a16bb9f6e0fca5fdedb201,"[ 49.179512    7.545334  -32.693783    4.9398017  70.58387    44.835842
  29.392962   12.599905   16.808002  -56.26525    47.588615  -65.418976
  71.11195   -17.989624  -45.373753   25.821993    9.768985  -56.915104
  60.08038   -40.25549  ]",65
4,2600.124,0c612bdb0968e77a20cc0786752465e86b129cf5baad804977f8c03d2b2e08e7,"[ 49.179512    7.545334  -32.693783    4.9398017  70.58387    44.980343
  29.392962   12.599905   16.808002  -56.26525    47.588615  -65.418976
  71.11195   -17.989624  -45.373753   25.821993    9.768985  -56.915104
  60.08038   -40.471466 ]",70
4,2600.1118,3621cffee93823a4846821d5d2dd8c0e75edb6d828aa3a32b482fa9f106abd01,"[ 49.179512    7.545334  -32.693783    4.9398017  70.58387    44.980343
  29.392962   12.599905   16.808002  -56.26525    47.588615  -65.418976
  71.11195   -17.989624  -45.373753   26.165676    9.768985  -56.915104
  60.08038   -40.25549  ]",75
4,2600.1052,bcdc99c5bea8a3b1c2c24056354066a328c3604bf1335bb3f5e6f309e7d2ef8c,"[ 49.179512    7.545334  -32.693783    4.9398017  70.58387    44.980343
  29.392962   12.599905   16.808002  -56.26525    47.588615  -65.418976
  71.11195   -17.989624  -45.373753   25.821993    9.768985  -57.065247
  60.08038   -40.25549  ]",80
4,2600.1006,029dcda61691e3904e1d42e9291667ab8828157af7282313e53b4f0de86fed7b,"[ 49.179512    7.545334  -32.693783    4.9398017  70.58387    44.980343
  29.392962   12.706133   16.808002  -56.45305    47.588615  -65.418976
  71.11195   -17.989624  -45.373753   26.165676    9.812791  -57.065247
  60.08038   -40.25549  ]",85
4,2600.0981,386e400073e8ae979ab4a038cf43f280c3c82f612d6c5799583ca787c6b4de88,"[ 49.179512    7.545334  -32.693783    4.9398017  70.58387    44.980343
  29.392962   12.706133   16.808002  -56.26525    47.588615  -65.418976
  71.234856  -17.989624  -45.38029    26.165676    9.812791  -57.065247
  60.08038   -40.25549  ]",90
4,2600.0947,1ff3eb5d2b127d4de1a9febaa851b90457c8b1876deb6681b343042f6d5ea2f4,"[ 49.179512    7.3997383 -32.693783    4.9398017  70.58387    44.980343
  29.392962   12.706133   16.808002  -56.45305    47.588615  -65.418976
  71.11195   -17.989624  -45.38029    26.165676    9.812791  -57.065247
  60.08038   -40.25549  ]",95
4,2600.0906,b16efd6fdddd7c6863f3842ef5418a3cfec8bb00ae9ee6d25d418fcbe9727b55,"[ 49.179512    7.3997383 -32.693783    4.9398017  70.63258    44.980343
  29.392962   12.706133   16.808002  -56.45305    47.588615  -65.418976
  71.234856  -17.989624  -45.38029    26.165676    9.812791  -57.065247
  60.08038   -40.25549  ]",100
4,2600.089,babbff3e54fb0c41b72de2b13a84f4ebac2201d3d31834c2cd2a7b31b345e6f9,"[ 49.179512    7.3997383 -32.693783    4.9398017  70.63258    44.980343
  29.392962   12.706133   16.808002  -56.433926   47.588615  -65.418976
  71.234856  -17.989624  -45.38029    26.165676    9.812791  -57.065247
  60.08038   -40.25549  ]",105
4,2600.077,b98f003eb1acdd3ca2273a0e5e4fe2d467e5b996165df16a17fbe4962fcb0aee,"[ 49.179512    7.3997383 -32.785362    4.9398017  70.63258    44.980343
  29.410719   12.706133   16.808002  -56.394238   47.588615  -65.418976
  71.234856  -17.989624  -45.43183    26.165676    9.812791  -57.065247
  60.08038   -40.25549  ]",110
4,2600.0603,574d3e66dbe9c64dc980df764eeef74fdf18ed326b90143c785771c33ae3a133,"[ 49.179512    7.3997383 -32.785362    4.9398017  70.63258    44.980343
  29.410719   12.706133   16.808002  -56.394238   47.588615  -65.418976
  71.234856  -17.989624  -45.43183    25.928509    9.812791  -57.065247
  60.08038   -40.25549  ]",115
4,2600.055,218675cf746e0ac4a84c7aa689c9758ea52bbd4f69983982bb2ab76b3e4638dd,"[ 49.179512    7.3997383 -32.785362    4.9398017  70.63258    44.980343
  29.410719   12.706133   16.808002  -56.394238   47.62445   -65.418976
  71.234856  -17.989624  -45.43183    25.928509    9.812791  -57.065247
  60.08038   -40.25549  ]",125
4,2600.0542,d487931266d101e3cb5cc3b3d1cacc483e64a317528b04dbf510fe725bd15005,"[ 49.179512    7.3997383 -32.785362    4.9398017  70.63258    44.980343
  29.410719   12.706133   16.808002  -56.394238   47.62445   -65.418976
  71.234856  -17.971973  -45.43183    25.928509    9.812791  -57.065247
  60.08038   -40.25549  ]",130
4,2600.0518,a16e656b33356aee66057bbd99112334fc42157931799d56896a8496c28a7dd4,"[ 49.179512    7.3997383 -32.785362    4.9398017  70.63258    44.980343
  29.410719   12.706133   16.808002  -56.394238   47.62445   -65.418976
  71.234856  -17.971973  -45.43183    25.932632    9.812791  -57.065247
  60.08038   -40.308685 ]",135
4,2600.0464,2fb2290a2bf336813acefa949523acbfdb9d8c853587cd296fdf8568bcd76be3,"[ 49.179512    7.3997383 -32.785362    4.9398017  70.63258    44.980343
  29.462383   12.706133   16.808002  -56.394238   47.62445   -65.418976
  71.234856  -17.971973  -45.475025   25.932632    9.812791  -57.065247
  60.08038   -40.308685 ]",140
5,2630.997,f2c4775f84955d16ce9bbb63c466ee0238d4c3cac8ffbe2a993338f325e3fdd5,"[ 50.382946 -14.504191 -36.39656   -3.832652  68.477486  48.540913
  19.94609   19.21917   15.51101  -60.11797   69.332756 -66.21059
  96.853264  -8.470501 -66.37839   12.14267   13.442661 -74.60126
  48.51556  -62.237026]",0
5,2609.485,99b76f318bc83a2d4990b9cebafbbccab230ab53a5eccaac9e3b37e843bfb506,"[ 46.85836      5.547205   -37.53741     -0.96344626  75.10772
  47.04662     31.801535    12.826713    24.676754   -58.294052
  47.2873     -74.658325    77.1816     -16.182142   -47.007614
  27.131433    12.388614   -57.970734    58.661476   -49.155823  ]",5
5,2603.34,fcbe9a1ed089c9eb4367e444104c4363ec048e10dd04c38682ab143e6f569833,"[ 47.741795    8.599706  -32.5204      7.6810336  70.00072    47.04662
  28.164982   13.266416   17.156712  -56.942074   48.87347   -64.948364
  72.25096   -13.131535  -44.047894   26.098045   13.585765  -57.970734
  60.436214  -39.748775 ]",10
5,2601.165,22c768bffa9d68e7a5246be7fc96030ffc0e2c82f7e7ded8903bcc7e95cd8011,"[ 48.260643   6.948536 -32.5204     5.14496   70.00072   47.04662
  29.974361  12.694576  17.156712 -55.967247  48.87347  -64.948364
  70.69578  -17.402397 -44.047894  26.098045  10.186654 -57.970734
  60.436214 -39.748775]",15
5,2600.8403,657606c62211ed5a44f8bf12bce2d8775ca6206ced270e6b67bb4979bdbc9d29,"[ 48.260643   6.948536 -32.5204     5.14496   70.00072   44.949825
  29.974361  12.694576  17.156712 -55.967247  47.92643  -64.948364
  70.69578  -17.402397 -44.047894  26.098045  10.186654 -57.970734
  60.436214 -39.748775]",20
5,2600.561,93a6dba76bdb6010e99b7282da2fcf42a83aff084be28dfed3f525cb1c91998f,"[ 48.948757   7.351947 -32.5204     5.14496   70.74029   46.039207
  29.974361  12.694576  17.156712 -55.967247  47.563656 -64.948364
  70.69578  -17.66682  -45.616127  26.098045  10.186654 -57.30023
  60.436214 -39.748775]",25
5,2600.4468,466a2d3be9206256c8c6ddad77917b4a2023eae8757155c4b8bf8b644b84dfeb,"[ 48.948757   7.351947 -32.5204     5.14496   70.74029   44.949825
  29.974361  12.694576  17.156712 -55.967247  47.563656 -64.948364
  70.69578  -17.66682  -45.616127  26.098045  10.186654 -57.10235
  60.436214 -39.748775]",30
5,2600.3977,a1a837c9ba6b37e8aeb59c697b09bf5d4d50796b0483291a0c35a7de2bec9340,"[ 48.948757   7.351947 -32.5204     5.14496   70.74029   44.949825
  29.974361  12.694576  17.156712 -56.463406  47.563656 -65.39619
  70.69578  -17.66682  -45.55092   26.098045  10.186654 -57.10235
  60.436214 -39.748775]",35
5,2600.3738,c37071250892676a429771bd05be1a324a8990bbef8aaddaba1350af1c6d3763,"[ 48.948757    7.351947  -32.5204      5.14496    70.74029    44.949825
  29.974361   12.694576   17.156712  -56.32575    47.563656  -65.39619
  70.69578   -17.66682   -45.55092    26.098045   10.1195135 -57.10235
  60.436214  -39.876812 ]",40
5,2600.3184,55894cc96b195c3cf7537464f14871ddb57ea11f4f485a22b8f8bb6d96fefdd7,"[ 48.948757   7.351947 -32.5204     5.14496   70.74029   44.949825
  29.974361  12.694576  16.673841 -56.32575   47.563656 -65.39619
  70.96796  -17.66682  -45.55092   26.098045  10.08429  -57.10235
  60.436214 -39.876812]",45
5,2600.2795,ea4e10c4050e27ac07c5cad7acc37591279dd4b55d6d1906ea4774306655ef76,"[ 48.948757   7.351947 -32.5204     5.14496   70.67249   44.949825
  29.202257  12.694576  16.673841 -56.32575   47.563656 -65.39619
  70.96796  -17.66682  -45.55092   26.098045  10.08429  -57.10235
  60.436214 -39.876812]",50
5,2600.2158,5735581bdf8666baf938c9c886ea0fe673a859de0f5cf531f0aac4808a8051b1,"[ 48.948757   7.351947 -32.5204     5.14496   70.67249   44.949825
  29.202257  12.694576  16.673841 -56.32575   47.563656 -65.39619
  71.143196 -17.66682  -45.55092   26.098045  10.08429  -57.10235
  60.19276  -40.47513 ]",55
5,2600.1724,299c392d189bb9942c5539ae5e79cb67d2b20b3ddd3a5e3bc6fff753e4c66525,"[ 48.948757   7.351947 -32.5204     5.14496   70.67249   44.949825
  29.414566  12.694576  16.673841 -56.32575   47.563656 -65.39619
  71.143196 -18.01297  -45.55092   26.098045  10.08429  -57.10235
  60.19276  -40.236473]",60
5,2600.1418,aefc9bcc4b9a5cbd6c2f191cc1c819927d218ef7d478f19475bed748dc7663e2,"[ 49.32123    7.351947 -32.5204     5.14496   70.67249   44.949825
  29.414566  12.694576  16.673841 -56.32575   47.563656 -65.39619
  71.143196 -18.01297  -45.55092   25.906801   9.684621 -57.10235
  60.19276  -40.236473]",65
5,2600.1409,b8eef55ebc81649005110428539e07db22fc177fdcf156757055dc4288c526fe,"[ 49.32123    7.351947 -32.5204     5.14496   70.67249   44.986732
  29.414566  12.694576  16.673841 -56.32575   47.563656 -65.39619
  71.143196 -18.01297  -45.55092   26.098045   9.684621 -57.08703
  60.19276  -40.236473]",70
5,2600.1284,673720e16e72e463098530933990274db514e79d5015a5fd7416edfa36ece2c9,"[ 49.32123    7.351947 -32.601097   5.14496   70.67249   44.986732
  29.414566  12.694576  16.673841 -56.32575   47.563656 -65.39619
  71.14483  -18.01297  -45.55092   26.098045   9.684621 -57.08703
  60.19276  -40.236473]",75
5,2600.1077,820c7b962f336e93a7b0963e9f6dbf5a0b26e98685c111d6e41ee6b599a81b9b,"[ 49.295208    7.351947  -32.601097    4.9487076  70.67249    44.986732
  29.414566   12.694576   16.673841  -56.32575    47.563656  -65.39619
  71.143196  -18.01297   -45.55092    25.955727    9.684621  -57.08703
  60.19276   -40.291836 ]",80
5,2600.1025,715a0aeb035f6f6897e45d6b3ea67d9cc212c252553c9141d20386d7648f0406,"[ 49.295208    7.351947  -32.601097    4.9487076  70.67249    44.986732
  29.414566   12.694576   16.824726  -56.32575    47.563656  -65.39619
  71.143196  -18.01297   -45.55092    25.955727    9.88852   -57.08703
  60.19276   -40.291836 ]",85
5,2600.0886,6597a3cb30e40c5edb8e05ef7c2bbfc82e13aab7ddc399fc95a1871e54081451,"[ 49.295208    7.351947  -32.69192     4.9487076  70.67249    44.986732
  29.414566   12.694576   16.673841  -56.32575    47.78852   -65.39619
  71.143196  -18.01297   -45.55092    25.955727    9.684621  -57.08703
  60.04648   -40.291836 ]",90
5,2600.0798,f0f66dd821725eb9a6d8d47f70fc8d17c3b309f4877c69d513504feeac0a5345,"[ 49.295208    7.351947  -32.69192     4.9487076  70.67249    44.986732
  29.414566   12.694576   16.673841  -56.32575    47.78852   -65.39619
  71.143196  -18.01297   -45.55092    25.955727    9.788196  -57.08703
  60.04648   -40.291836 ]",95
5,2600.0715,9ab2d73611571dd540c328e357610f12c81ba9fdef6215b0fad70c71207ba2e9,"[ 49.226704    7.351947  -32.69192     4.9487076  70.67249    44.986732
  29.414566   12.694576   16.824726  -56.32575    47.78852   -65.39619
  71.143196  -18.01297   -45.55092    25.955727    9.788196  -57.08703
  60.04648   -40.291836 ]",100
5,2600.0671,2d7e8f4dfbb40b3e06ccbf08888d2dd26185be8dc14d283d7bae10d1afc04f00,"[ 49.226704    7.351947  -32.69192     4.9487076  70.67249    44.986732
  29.414566   12.694576   16.824726  -56.32575    47.627796  -65.39619
  71.143196  -18.01297   -45.55092    25.955727    9.788196  -57.051857
  60.04648   -40.291836 ]",105
5,2600.0637,e813a6e1440701b5d9310df7476a59793047e80e0ab419cf96a74c8517eb8aae,"[ 49.226704    7.351947  -32.69192     4.9487076  70.67249    44.986732
  29.414566   12.694576   16.824726  -56.32575    47.695343  -65.39619
  71.143196  -18.01297   -45.55092    25.955727    9.788196  -57.051857
  60.04648   -40.291836 ]",110
5,2600.058,6f9a5e326b37d847241ed8871c16637acc4eeb36b11439b8a34a8c63de3bd26a,"[ 49.190136    7.3546705 -32.69192     4.9487076  70.62598    44.986732
  29.414566   12.694576   16.824726  -56.32575    47.695343  -65.39619
  71.143196  -18.01297   -45.55092    25.955727    9.788196  -57.051857
  60.094067  -40.291836 ]",115
5,2600.049,112f185267ea85a8f3903d911566ff11b3bb778e9773b7af21367b4b1576fb5f,"[ 49.190136    7.3896785 -32.783756    4.9487076  70.62598    44.986732
  29.414566   12.694576   16.824726  -56.32575    47.695343  -65.39619
  71.143196  -18.01297   -45.55092    25.955727    9.788196  -57.051857
  60.094067  -40.291836 ]",120
5,2600.0461,4d3b3f3ec09e419a0e802f8e7e246a2a3fd268cd0b240538fcb6f510e56f6ba3,"[ 49.190136    7.3896785 -32.772182    4.9487076  70.62598    44.986732
  29.414566   12.694576   16.689083  -56.32575    47.695343  -65.39619
  71.143196  -18.01297   -45.55092    26.001253    9.788196  -57.051857
  60.094067  -40.291836 ]",125
5,2600.0447,c132c33dd8071d1738cd24d82abecacfc22574d2f004b07fdd80789c6288ab9c,"[ 49.190136    7.3896785 -32.772182    4.9487076  70.62598    44.986732
  29.425707   12.694576   16.695026  -56.32575    47.695343  -65.39619
  71.143196  -18.01297   -45.55092    26.001253    9.788196  -57.051857
  60.094067  -40.291836 ]",130
5,2600.0432,16b1533e58ca118b2dbbe614ac4088f49eeaf38a92e078263d14109faa453f2f,"[ 49.190136    7.3896785 -32.772182    4.9487076  70.62598    44.986732
  29.446589   12.678056   16.695026  -56.32575    47.695343  -65.39619
  71.143196  -18.01297   -45.55092    26.001253    9.788196  -57.051857
  60.094067  -40.291836 ]",135
5,2600.0408,3870b382f2494db13ed7afa365dd29d6d8f88487b0cfb29e2596a5fc75e3937f,"[ 49.190136    7.3896785 -32.772182    4.9487076  70.62598    44.986732
  29.425707   12.694576   16.736664  -56.32575    47.695343  -65.39619
  71.143196  -18.01297   -45.55092    26.001253    9.788196  -57.051857
  60.094067  -40.291836 ]",140
5,2600.0366,f497bb9b30b1a09dd63a5ffc6a10a57b994ff1176c9ba8ef9c9dc157febaa7ca,"[ 49.190136    7.4230275 -32.772182    4.9487076  70.62598    44.986732
  29.446589   12.678056   16.736664  -56.32575    47.695343  -65.39619
  71.143196  -18.01297   -45.55092    26.001253    9.788196  -57.051857
  60.094067  -40.291836 ]",145
5,2600.0325,dae404d0890d17ad41cbb235d4687f1a7b931f63840e4fa9604c73fd4c3034e8,"[ 49.190136    7.4230275 -32.772182    4.9487076  70.62598    44.986732
  29.446589   12.678056   16.736664  -56.32575    47.695343  -65.39619
  71.195786  -18.01297   -45.55092    26.001253    9.788196  -57.051857
  60.094067  -40.291836 ]",150
1,2615.0652,38dde9205de47e7aac59657fd69d969d562db83fb5801455478858d91b079f1d,"[ 45.098583     0.95422286 -44.52757      7.3866034   75.61889
  48.0726      24.146502    21.609806    37.985916   -59.702305
  60.03929    -62.2357      87.42454    -22.304457   -53.034885
  16.039774     3.5550022  -58.54946     60.959473   -48.509098  ]",0
1,2614.2102,adfc3f56b323e7932f5bd32a71b112b0f2dfe46eb095e9da940368827e1f3616,"[ 44.786743     0.95422286 -42.97482      7.3866034   75.61889
  48.0726      24.146502    21.609806    34.35829    -58.004486
  60.03929    -62.2357      80.15737    -22.304457   -53.034885
  19.064478     3.5550022  -58.54946     60.959473   -48.509098  ]",5
1,2609.2263,53dcb19d97ec8d4b3cee4d45e50859c8a2b7355e3ea24ab7c8d50597d93887c1,"[ 45.33325     1.0596707 -31.779726    7.3866034  75.61889    48.0726
  28.017262   17.97404    27.58485   -57.816853   50.33229   -67.63466
  75.638176  -18.676123  -52.04708    20.065702    9.4848385 -59.108047
  57.922375  -44.396774 ]",10
1,2601.1545,7af2af84617093598de7041325e7e784d3bd74a53c2845fa34652f2d6f774742,"[ 49.502018    7.2701826 -32.55746     5.3232064  72.56015    44.916595
  29.43018    12.673266   17.961023  -55.923706   47.559303  -65.08775
  72.33027   -18.816076  -46.217113   24.350641    9.237437  -56.293858
  59.62328   -39.682743 ]",15
1,2600.9453,520bef2a42861ba6003f04054ea65374ee61f0e1ac23ddb9807f9537132c8bf8,"[ 49.502018    7.2701826 -32.55746     5.3232064  71.18605    44.916595
  29.43018    12.673266   17.961023  -55.923706   47.559303  -65.08775
  72.33027   -18.590927  -46.217113   24.350641    9.237437  -56.293858
  60.36805   -39.682743 ]",20
1,2600.6035,4cbc0a3453e0464d67ba160785e19acb4e10e6beffd4345de12fbb0ebb513e35,"[ 49.502018    7.2701826 -32.81623     5.3232064  69.56347    44.916595
  29.43018    12.673266   16.71743   -55.923706   47.559303  -65.08775
  71.02506   -17.624546  -46.217113   25.715403   10.29276   -56.293858
  59.62328   -40.309616 ]",25
1,2600.5154,9b250f486cb5ba3dfbc2df43ae361b5c2424b66f1be990062464b2e79f3de7f2,"[ 49.502018    7.2701826 -32.81623     5.3232064  71.18605    44.916595
  29.43018    12.673266   16.956594  -56.57799    47.559303  -65.08775
  71.22993   -18.287527  -46.217113   25.715403    9.237437  -56.293858
  59.62328   -40.309616 ]",30
1,2600.3647,aded2226851bf1a39963c7c617ab890634fba22d96f0a422cb5170dfba85cecc,"[ 49.502018    7.2701826 -32.81623     5.3232064  71.18605    44.916595
  29.43018    12.673266   16.67045   -56.57799    47.559303  -65.08775
  71.22993   -18.287527  -45.635235   25.715403   10.170546  -57.05999
  59.62328   -40.309616 ]",35
1,2600.2568,e82306ebf8fd907d1b385714ce3f033e242ab01974154e3187b1bf5bc42b08d0,"[ 49.502018    7.2701826 -32.81623     5.3232064  70.510475   44.916595
  29.43018    12.673266   16.67045   -56.57799    47.559303  -65.625496
  71.22993   -18.287527  -45.635235   26.021404   10.170546  -57.05999
  60.206966  -40.309616 ]",40
1,2600.2195,528cb3883ff496f62bed3828ab47bd340158b2e2524b2af7ace276e4ef5d0e4d,"[ 49.09844     7.2701826 -32.81623     5.3232064  70.72598    44.916595
  29.43018    12.673266   16.67045   -56.30726    47.559303  -65.500206
  71.22993   -18.287527  -45.375854   26.021404   10.170546  -57.05999
  60.206966  -40.309616 ]",45
1,2600.1833,c9e54f56a32efa0d87d8cbfe53b7ea9e9ace298c198ade6c77995d655510b533,"[ 49.09844     7.2701826 -32.81623     4.7636657  70.72598    44.916595
  29.43018    12.673266   16.67045   -56.30726    47.559303  -65.500206
  71.22993   -18.287527  -45.375854   26.021404   10.066855  -57.05999
  60.206966  -40.309616 ]",50
1,2600.1636,3f8c97be6d28902d211b103406386e987ecd49a8d7a9c6223be267c9fd81af23,"[ 49.09844     7.2701826 -32.81623     4.7636657  70.72598    44.916595
  29.43018    12.673266   16.67045   -56.30726    47.800648  -65.500206
  71.22993   -18.287527  -45.375854   26.021404    9.886376  -57.05999
  60.206966  -40.309616 ]",55
1,2600.1333,0d1a5f87c7284158132813a2636fb74d2fe435bc09b6a83418c6021bc0894d4f,"[ 49.09844     7.455093  -32.81623     4.7636657  70.72598    44.916595
  29.43018    12.673266   16.67045   -56.30726    47.800648  -65.500206
  71.22993   -18.172752  -45.375854   26.021404    9.886376  -57.05999
  60.206966  -40.309616 ]",60
1,2600.111,13f8d3b05ebbf50ad4f942f866e158229981313990b93036363204d6c7244626,"[ 49.09844    7.455093 -32.81623    4.948236  70.72598   44.916595
  29.43018   12.673266  16.67045  -56.30726   47.800648 -65.500206
  71.2258   -18.172752 -45.375854  26.021404   9.886376 -57.05999
  60.07091  -40.309616]",65
1,2600.0996,1ba4c152487a5260063659de02814b4537e9b4525c25df3dedb98c641368d64e,"[ 49.09844    7.455093 -32.81623    4.948236  70.72598   45.001476
  29.43018   12.673266  16.67045  -56.30726   47.800648 -65.500206
  71.2258   -18.172752 -45.481182  26.021404   9.886376 -57.05999
  60.07091  -40.309616]",70
1,2600.0747,d74afed625b432ff23392020f77f8e69a050417ca62fc918e79cfd389b17cc24,"[ 49.09844    7.455093 -32.81623    4.948236  70.72598   45.001476
  29.43018   12.673266  16.67045  -56.30726   47.800648 -65.500206
  71.2258   -17.989805 -45.481182  26.021404   9.886376 -57.05999
  60.07091  -40.309616]",75
1,2600.06,011405082de1c5b6aa16c05babc4f96aaf589c2b2b36a0f3a0626948dff201e1,"[ 49.09844    7.455093 -32.81623    4.948236  70.72598   45.001476
  29.43018   12.673266  16.67045  -56.30726   47.683414 -65.452484
  71.2258   -17.989805 -45.481182  26.021404   9.770075 -57.05999
  60.07091  -40.309616]",80
1,2600.0598,b82395f828d4d3721d4967a636e5f9eb53d4f163355c1cb13247d2e5a3e75830,"[ 49.09844    7.455093 -32.81623    4.948236  70.594215  45.001476
  29.43018   12.673266  16.67045  -56.30726   47.683414 -65.500206
  71.2258   -17.989805 -45.481182  26.021404   9.886376 -57.05999
  60.07091  -40.309616]",85
1,2600.0513,ceb38c0dd7d090a00a82da787eb076018830a4532ac7140c8be4c2d9e53efd99,"[ 49.09844    7.455093 -32.8089     4.948236  70.594215  45.001476
  29.43018   12.673266  16.67045  -56.30726   47.683414 -65.452484
  71.2258   -17.989805 -45.481182  26.021404   9.770075 -57.05999
  60.07091  -40.309616]",90
1,2600.044,28cf7766141c3174cb33d5fb21f8ed93bdc4ee70981a0455556db1e2686d6b5b,"[ 49.09844    7.455093 -32.8089     4.948236  70.594215  45.001476
  29.43018   12.673266  16.758799 -56.30726   47.683414 -65.452484
  71.2258   -17.989805 -45.481182  26.021404   9.770075 -57.05999
  60.07091  -40.309616]",95
1,2600.0364,562ee72d2c8a152ad64a20896f4cf8077790fccb2d6d9ad3165f69daad02c7df,"[ 49.200592   7.455093 -32.8089     4.948236  70.594215  45.001476
  29.43018   12.673266  16.758799 -56.30726   47.683414 -65.452484
  71.2258   -17.989805 -45.481182  26.021404   9.770075 -57.05999
  60.07091  -40.309616]",105
1,2600.033,0af7de65e6c0bf0120bdc265361c7b909a08425f28f5e916634564bbf9e02f61,"[ 49.200592   7.455093 -32.8089     4.948236  70.594215  45.001476
  29.43018   12.673266  16.758799 -56.397484  47.683414 -65.452484
  71.2258   -17.989805 -45.481182  26.021404   9.770075 -57.05999
  60.07091  -40.309616]",125
1,2600.0315,82ef8496e7372e5f28d4e9a00d2565dc9634e653749bc26800ebf7dbe473ef58,"[ 49.200592   7.455093 -32.8089     4.948236  70.594215  45.001476
  29.43018   12.673266  16.758799 -56.397484  47.683414 -65.452484
  71.218735 -17.973867 -45.481182  26.021404   9.770075 -57.05999
  60.07091  -40.309616]",130
1,2600.0288,d93f49b70443e1aa1d33cfb58fa30ca7551c0f9c8b65ccfdcddc6cde3a24dba1,"[ 49.200592   7.455093 -32.779495   4.948236  70.594215  45.001476
  29.43018   12.673266  16.758799 -56.397484  47.683414 -65.452484
  71.218735 -17.973867 -45.481182  26.021404   9.770075 -57.05999
  60.07091  -40.309616]",135
1,2600.0273,435d00d8fda0734aa8c0c9ca5b2df6281f2655efad19a4ea9b7b78d85fa5ccb9,"[ 49.200592   7.455093 -32.779495   4.948236  70.594215  45.001476
  29.454266  12.673266  16.758799 -56.397484  47.683414 -65.452484
  71.218735 -17.973867 -45.481182  26.021404   9.770075 -57.05999
  60.081963 -40.309616]",140
1,2600.0256,f86a1044e2c33c57bc58f57906d1ec9ef05901bdc6fef20945d23310e010eb0f,"[ 49.200592   7.455093 -32.779495   4.948236  70.594215  45.001476
  29.454266  12.673266  16.758799 -56.365555  47.683414 -65.452484
  71.218735 -17.973867 -45.481182  26.021404   9.770075 -57.05999
  60.081963 -40.309616]",145
1,2600.025,95aee3ca6bf534d9157be4b6fdc406e4165ec896c68658be1f8305ee91f84a0a,"[ 49.200592   7.455093 -32.779495   4.948236  70.594215  45.001476
  29.454266  12.673266  16.758799 -56.365555  47.683414 -65.452484
  71.218735 -17.973867 -45.499657  26.021404   9.770075 -57.05999
  60.081963 -40.309616]",155
1,2600.0244,da74b621ae035c9ea1e0d09f8148989dd7d976fe7b8749882501b45f3f38250f,"[ 49.200592   7.455093 -32.758797   4.948236  70.594215  45.001476
  29.454266  12.673266  16.758799 -56.365555  47.683414 -65.452484
  71.218735 -17.973867 -45.499657  26.021404   9.770075 -57.05999
  60.081963 -40.309616]",160
